Access Code,Common Name,Phylum,Class,Order,Suborder,Family,Subfamily,Tribe,Genus,Subgenus,Species,Subspecies,Qualifier,Description Code,Variety,Preferred,Synonym Equivalent
P1001,,Cyanophyta,Cyanophyceae,Chroococcales,.,Microcystaceae,.,.,Microcystis,.,flos-aquae,.,.,PHYT,,*,
P1002,,Cyanophyta,Cyanophyceae,Chroococcales,.,Microcystaceae,.,.,Microcystis,.,viridis,.,.,PHYT,,*,
P1003,,Cyanophyta,Cyanophyceae,Chroococcales,.,Microcystaceae,.,.,Microcystis,.,sp.,.,.,PHYT,,*,
P1004,,Cyanophyta,Cyanophyceae,Chroococcales,.,Microcystaceae,.,.,Aphanocapsa,.,biformis,.,.,PHYT,,*,
P1005,,Cyanophyta,Cyanophyceae,Chroococcales,.,Microcystaceae,.,.,Aphanocapsa,.,elachista,.,.,PHYT,,*,
P1006,,Cyanophyta,Cyanophyceae,Chroococcales,.,Microcystaceae,.,.,Aphanocapsa,.,elachista,.,.,PHYT,planctonica,*,
P1007,,Cyanophyta,Cyanophyceae,Chroococcales,.,Microcystaceae,.,.,Aphanocapsa,.,delicatissima,.,.,PHYT,,*,
P1008,,Cyanophyta,Cyanophyceae,Chroococcales,.,Microcystaceae,.,.,Aphanocapsa,.,sp.,.,.,PHYT,,*,
P1009,,Cyanophyta,Cyanophyceae,Chroococcales,.,Microcystaceae,.,.,Aphanothece,.,clathrata,.,.,PHYT,,*,
P1010,,Cyanophyta,Cyanophyceae,Chroococcales,.,Microcystaceae,.,.,Aphanothece,.,gelatinosa,.,.,PHYT,,*,
P1011,,Cyanophyta,Cyanophyceae,Chroococcales,.,Microcystaceae,.,.,Aphanothece,.,microscopia,.,.,PHYT,,*,
P1012,,Cyanophyta,Cyanophyceae,Chroococcales,.,Microcystaceae,.,.,Aphanothece,.,sp.,.,.,PHYT,,*,
P1013,,Cyanophyta,Chlorobacteriaceae,.,.,.,.,.,Pelogloea,.,sp.,.,.,PHYT,,*,
P1014,,Cyanophyta,Cyanophyceae,Chroococcales,.,Chroococcaceae,.,.,Chroococcus,.,limneticus,.,.,PHYT,,*,
P1015,,Cyanophyta,Cyanophyceae,Chroococcales,.,Chroococcaceae,.,.,Chroococcus,.,turgidus,.,.,PHYT,,*,
P1016,,Cyanophyta,Cyanophyceae,Chroococcales,.,Chroococcaceae,.,.,Chroococcus,.,minutus,.,.,PHYT,,*,
P1017,,Cyanophyta,Cyanophyceae,Chroococcales,.,Chroococcaceae,.,.,Chroococcus,.,dispersus,.,.,PHYT,,*,
P1018,,Cyanophyta,Cyanophyceae,Chroococcales,.,Chroococcaceae,.,.,Chroococcus,.,sp.,.,.,PHYT,,*,
P1019,,Cyanophyta,Cyanophyceae,Chroococcales,.,Microcystaceae,.,.,Radiocystis,.,geminata,.,.,PHYT,,*,
P1020,,Cyanophyta,Cyanophyceae,Chroococcales,.,Microcystaceae,.,.,Gomphosphaeria,.,natus,.,.,PHYT,,*,
P1021,,Cyanophyta,Cyanophyceae,Chroococcales,.,Microcystaceae,.,.,Gomphosphaeria,.,aponina,.,.,PHYT,,*,
P1022,,Cyanophyta,Cyanophyceae,Chroococcales,.,Microcystaceae,.,.,Gomphosphaeria,.,sp.,.,.,PHYT,,*,
P1023,,Cyanophyta,Cyanophyceae,Chroococcales,.,Microcystaceae,.,.,Coelospaerium,.,kuetzingianum,.,.,PHYT,,*,
P1024,,Cyanophyta,Cyanophyceae,Chroococcales,.,Microcystaceae,.,.,Woronichinia,.,naegelianum,.,.,PHYT,,*,
P1025,,Cyanophyta,Cyanophyceae,Chroococcales,.,Microcystaceae,.,.,Coelsphaerium,.,sp.,.,.,PHYT,,*,
P1026,,Cyanophyta,Cyanophyceae,Chroococcales,.,Microcystaceae,.,.,Merismopedia,.,tenuissima,.,.,PHYT,,*,
P1027,,Cyanophyta,Cyanophyceae,Chroococcales,.,Microcystaceae,.,.,Merismopedia,.,minima,.,.,PHYT,,*,
P1028,,Cyanophyta,Cyanophyceae,Chroococcales,.,Microcystaceae,.,.,Merismopedia,.,glauca,.,.,PHYT,,*,
P1029,,Cyanophyta,Cyanophyceae,Chroococcales,.,Microcystaceae,.,.,Merismopedia,.,sp.,.,.,PHYT,,*,
P1030,,Cyanophyta,Cyanophyceae,Chroococcales,.,Microcystaceae,.,.,Synechococcus,.,sp.,.,.,PHYT,,*,
P1031,,Cyanophyta,Cyanophyceae,Chroococcales,.,Microcystaceae,.,.,Rhabdogloea,.,minima,.,.,PHYT,,*,
P1032,,Cyanophyta,Cyanophyceae,Chroococcales,.,Microcystaceae,.,.,Rhabdogloea,.,sp.,.,.,PHYT,,*,
P1033,,Cyanophyta,Cyanophyceae,Chroococcales,.,Microcystaceae,.,.,Rhabdogloea,.,lineare,.,.,PHYT,,*,
P1034,,Cyanophyta,Cyanophyceae,Chroococcales,.,Microcystaceae,.,.,Rhabdogloea,.,gorskii,.,.,PHYT,,*,
P1035,,Cyanophyta,Cyanophyceae,Chroococcales,.,Microcystaceae,.,.,Rhabdoderma,.,sp.,.,.,PHYT,,*,
P1036,,Cyanophyta,Cyanophyceae,Chroococcales,.,Microcystaceae,.,.,Myxobaktron,.,lineare,.,.,PHYT,,*,
P1037,,Cyanophyta,Cyanophyceae,Chroococcales,.,Microcystaceae,.,.,Myxobaktron,.,smithii,.,.,PHYT,,*,
P1038,,Cyanophyta,Cyanophyceae,Chroococcales,.,Microcystaceae,.,.,Myxobaktron,.,sp.,.,.,PHYT,,*,
P1039,,Cyanophyta,Cyanophyceae,Chroococcales,.,Microcystaceae,.,.,Gloeocapsa,.,sp.,.,.,PHYT,,*,
P1040,,Cyanophyta,Cyanophyceae,Hormognales,.,Oscillatotiaceae,.,.,Phormidium,.,sp.,.,.,PHYT,,*,
P1041,,Cyanophyta,Cyanophyceae,Hormognales,.,Nostocaceae,.,.,Aphanizomenon,.,flos-aquae,.,.,PHYT,,*,
P1042,,Cyanophyta,Cyanophyceae,Hormognales,.,Nostocaceae,.,.,Aphanizomenon,.,sp.,.,.,PHYT,,*,
P1043,,Cyanophyta,Cyanophyceae,Hormognales,.,Nostocaceae,.,.,Aphanizomenon,.,gracile,.,.,PHYT,,*,
P1044,,Cyanophyta,Cyanophyceae,Hormognales,.,Nostocaceae,.,.,Anabaena,.,planctonica,.,.,PHYT,,*,
P1045,,Cyanophyta,Cyanophyceae,Hormognales,.,Nostocaceae,.,.,Anabaena,.,lemmermannii,.,.,PHYT,,*,
P1046,,Cyanophyta,Cyanophyceae,Hormognales,.,Nostocaceae,.,.,Anabaena,.,circinalis,.,.,PHYT,,*,
P1047,,Cyanophyta,Cyanophyceae,Hormognales,.,Nostocaceae,.,.,Anabaena,.,solitaria,.,.,PHYT,planctonica,*,
P1048,,Cyanophyta,Cyanophyceae,Hormognales,.,Nostocaceae,.,.,Anabaena,.,spiroides,.,.,PHYT,,*,
P1049,,Cyanophyta,Cyanophyceae,Hormognales,.,Nostocaceae,.,.,Anabaena,.,sp.,.,.,PHYT,,*,
P1050,,Cyanophyta,Cyanophyceae,Hormognales,.,Oscillatotiaceae,.,.,Spirulina,.,laxa,.,.,PHYT,,*,
P1051,,Cyanophyta,Cyanophyceae,Hormognales,.,Oscillatotiaceae,.,.,Oscillatoria,.,lauterornii,.,.,PHYT,,*,
P1052,,Cyanophyta,Cyanophyceae,Hormognales,.,Oscillatotiaceae,.,.,Limnothrix,.,redekei,.,.,PHYT,,*,
P1053,,Cyanophyta,Cyanophyceae,Hormognales,.,Oscillatotiaceae,.,.,Phormidium,.,tenue,.,.,PHYT,,*,
P1054,,Cyanophyta,Cyanophyceae,Hormognales,.,Oscillatotiaceae,.,.,Planktolyngbya,.,limnetica,.,.,PHYT,,*,
P1055,,Cyanophyta,Cyanophyceae,Hormognales,.,Oscillatotiaceae,.,.,Jaaginema,.,geminatum,.,.,PHYT,,*,
P1056,,Cyanophyta,Cyanophyceae,Hormognales,.,Oscillatotiaceae,.,.,Oscillatoria,.,sp.,.,.,PHYT,,*,
P1057,,Cyanophyta,Cyanophyceae,Hormognales,.,Oscillatotiaceae,.,.,Leptolyngbya,.,limnetica,.,.,PHYT,,*,
P1058,,Cyanophyta,Cyanophyceae,Hormognales,.,Oscillatotiaceae,.,.,Leptolyngbya,.,pseudospirulina,.,.,PHYT,,*,
P1059,,Cyanophyta,Cyanophyceae,Hormognales,.,Oscillatotiaceae,.,.,Lyngbya,.,sp.,.,.,PHYT,,*,
P1060,,Cyanophyta,Cyanophyceae,Hormognales,.,Oscillatotiaceae,.,.,Pelonema,.,sp.,.,.,PHYT,,*,
P1061,,Cyanophyta,Cyanophyceae,Hormognales,.,Rivulariaceae,.,.,Gleoetrichia,.,sp.,.,.,PHYT,,*,
P1062,,Cyanophyta,Cyanophyceae,.,.,.,.,.,Small blue greens,.,.,.,.,PHYT,,*,
P1063,,Cyanophyta,Cyanophyceae,.,.,.,.,.,Filamentous blue green,.,.,.,.,PHYT,,*,
P1064,,Cyanophyta,Cyanophyceae,Hormognales,.,Nostocaceae,.,.,Anabaena,.,lavendrii,.,.,PHYT,,*,
P1065,,Cyanophyta,Cyanophyceae,Hormognales,.,Nostocaceae,.,.,Anabaena,.,cylindrica,.,.,PHYT,,*,
P1067,,Cyanophyta,Cyanophyceae,Hormognales,.,Nostocaceae,.,.,Cylindrospermum,.,sp.,.,.,PHYT,,*,
P1068,,Cyanophyta,Cyanophyceae,Hormognales,.,Nostocaceae,.,.,Aphanizomenon,.,issatchenkoi,.,.,PHYT,,*,
P1069,,Cyanophyta,Cyanophyceae,Hormognales,.,Nostocaceae,.,.,Anabeana,.,aphanizomoids,.,.,PHYT,,*,
P1070,,Cyanophyta,Cyanophyceae,Hormognales,.,Nostocaceae,.,.,Anabaenaopsis,.,sp.,.,.,PHYT,,*,
P1072,,Cyanophyta,Cyanophyceae,Hormognales,.,Nostocaceae,.,.,Heterocysts,.,.,.,.,PHYT,,*,
P1073,,Cyanophyta,Cyanophyceae,Chroococcales,.,Microcystaceae,.,.,Snowella,.,sp,.,.,PHYT,,*,
P1074,,Cyanophyta,Cyanophyceae,Hormognales,.,Nostocaceae,.,.,Aphanizomenon,.,schindlerii,.,.,PHYT,,*,
P1075,,Cyanophyta,Cyanophyceae,Chroococcales,.,Microcystaceae,.,.,Microcystis,.,aeruginosa,.,.,PHYT,,*,
P1076,,Cyanophyta,Cyanophyceae,Chroococcales,.,Microcystaceae,.,.,Woronichinia,.,compacta,.,.,PHYT,,*,
P1077,,Cyanophyta,Cyanophyceae,Hormognales,.,Nostocaceae,.,.,Pseudoanabaena,.,sp.,.,.,PHYT,,*,
P1078,,Cyanophyta,Cyanophyceae,Hormognales,.,Oscillatotiaceae,.,.,Planktothrix,.,agardhii,.,.,PHYT,,*,
P1080,,Cyanophyta,Cyanophyceae,Chroococcales,.,Microcystaceae,.,.,Eucapsis,.,sp.,.,.,PHYT,,*,
P1081,,Cyanophyta,Cyanophyceae,Hormognales,.,Nostocaceae,.,.,Nostoc,.,sp.,.,.,PHYT,,*,
P1082,,Cyanophyta,Cyanophyceae,Hormognales,.,Scytonemataceae,.,.,Tolypothrix,.,sp.,.,.,PHYT,,*,
P1083,,Cyanophyta,Cyanophyceae,Hormognales,.,Oscillatotiaceae,.,.,Arthrospira,.,sp.,.,.,PHYT,,*,
P1084,,Cyanophyta,Cyanophyceae,Chroococcales,.,Microcystaceae,.,.,Gloeocapsa,.,punctata,.,.,PHYT,,*,
P1085,,Cyanophyta,Cyanophyceae,Hormognales,.,Rivulariaceae,.,.,Rivularia,.,sp.,.,.,PHYT,,*,
P1086,,Cyanophyta,Cyanophyceae,Hormognales,.,Rivulariaceae,.,.,Calathrix,.,sp.,.,.,PHYT,,*,
P1088,,Cyanophyta,Cyanophyceae,Hormognales,.,Nostocaceae,.,.,Anabaena,.,solitaria,.,.,PHYT,,*,
P1089,,Cyanophyta,Cyanophyceae,Chroococcales,.,Microcystaceae,.,.,Cyanodictyon,.,sp.,.,.,PHYT,,*,
P1094,,Cyanophyta,Cyanophyceae,Chroococcales,.,Microcystaceae,.,.,Snowella,.,litoralis,.,.,PHYT,,*,
P1095,,Cyanophyta,Cyanophyceae,Chroococcales,.,Microcystaceae,.,.,Snowella,.,septentrionalis,.,.,PHYT,,*,
P1097,,Cyanophyta,Cyanophyceae,Chroococcales,.,Microcystaceae,.,.,Snowella,.,lacustris,.,.,PHYT,,*,
P1098,,Cyanophyta,Cyanophyceae,Chroococcales,.,Microcystaceae,.,.,Merismopedia,.,punctata,.,.,PHYT,,,
P1102,,Cyanophyta,Cyanophyceae,Chroococcales,.,Microcystaceae,.,.,Gloeothece,.,sp.,.,.,PHYT,,,
P1104,,Cyanophyta,Cyanophyceae,Hormognales,.,Scytonemataceae,.,.,Scytomema,.,sp.,.,.,PHYT,,,
P1105,,Cyanophyta,Cyanophyceae,Hormognales,.,Scytonemataceae,.,.,Seguenzaea,.,sp.,.,.,PHYT,,*,
P1106,,Cyanophyta,Cyanophyceae,Hormognales,.,Scytonemataceae,.,.,Plectonema,.,sp.,.,.,PHYT,,,
P1107,,Cyanophyta,Cyanophyceae,Chamaesiphonales,.,Siphonoemataceae,.,.,Siphononema,.,sp.,.,.,PHYT,,*,
P1108,,Cyanophyta,Cyanophyceae,Hormognales,.,Nostocaceae,.,.,Nodularia,.,sp.,.,.,PHYT,,,
P1110,,Cyanophyta,Cyanophyceae,Hormognales,.,Oscillatotiaceae,.,.,Oscillatoria,.,deflexa,.,.,PHYT,,*,
P1115,,Cyanophyta,Cyanophyceae,Eubacteriales,.,Sarcinaceae,.,.,Ochrobium,.,sp.,.,.,PHYT,,,
P1116,,Cyanophyta,Cyanophyceae,Hormognales,.,Nostocaceae,.,.,Aphanizomenon,.,skuja,.,.,PHYT,,*,
P1117,,Cyanophyta,Cyanophyceae,Chroococcales,.,Microcystaceae,.,.,Merismopedia,.,punctata,.,.,PHYT,,*,
P1119,,Cyanophyta,Cyanophyceae,Hormognales,.,Stigonemataceae,.,.,Stigonena,.,sp.,.,.,PHYT,,*,
P1121,,Cyanophyta,Cyanophyceae,Hormognales,.,Oscillatotiaceae,.,.,Phormidium,.,ambiguum,.,.,PHYT,,*,
P1122,,Cyanophyta,Cyanophyceae,Hormognales,.,Oscillatotiaceae,.,.,Phormidium,.,autumnale,.,.,PHYT,,*,
P1123,,Cyanophyta,Cyanophyceae,Chroococcales,.,Chroococcaceae,.,.,Chroococcus,.,prescottii,.,.,PHYT,,*,
P1125,,Cyanophyta,Cyanophyceae,Hormognales,.,Oscillatotiaceae,.,.,Limnothrix,.,rosea,.,.,PHYT,,*,
P1126,,Cyanophyta,Cyanophyceae,Hormognales,.,Oscillatotiaceae,.,.,Limnothrix,.,sp.,.,.,PHYT,,*,
P1129,,Cyanophyta,Cyanophyceae,Hormognales,.,Oscillatotiaceae,.,.,Planktothrix,.,sp.,.,.,PHYT,,*,
P1130,,Cyanophyta,Cyanophyceae,Hormognales,.,Oscillatotiaceae,.,.,Tychonema,.,rhodonema,.,.,PHYT,,*,
P1131,,Cyanophyta,Cyanophyceae,Hormognales,.,Oscillatotiaceae,.,.,Heteroleibinia,.,profunda,.,.,PHYT,,*,
P1132,,Cyanophyta,Cyanophyceae,Hormognales,.,Nostocaceae,.,.,Anabaena,.,crassa,.,.,PHYT,,*,
P1133,,Cyanophyta,Cyanophyceae,Hormognales,.,Nostocaceae,.,.,Anabaena,.,flos-aquae,.,.,PHYT,,*,
P1134,,Cyanophyta,Cyanophyceae,Hormognales,.,Nostocaceae,.,.,Pseudoanabaena,.,galeata,.,.,PHYT,,*,
P1135,,Cyanophyta,Cyanophyceae,Hormognales,.,Nostocaceae,.,.,Anabaena,.,mendota,.,.,PHYT,,*,
P1214,,Cyanophyta,Cyanophyceae,Hormognales,.,Oscillatotiaceae,.,.,Oscillatoria,.,sancta,.,.,PHYT,,*,
P1220,,Cyanophyta,Cyanophyceae,Hormognales,.,Rivulariaceae,.,.,Rivularia,.,dura,.,.,PHYT,,*,
P1222,,Cyanophyta,Cyanophyceae,Chroococcales,.,Microcystaceae,.,.,Gloeocapsa,.,Kutzingiana,.,.,PHYT,,*,
P1235,,Cyanophyta,Cyanophyceae,Hormognales,.,Nostocaceae,.,.,Aphanizomenon,.,klebahnii,.,.,PHYT,,*,
P2100,,Chlorophyta,Chlorophyceae,Volvocales,.,Polyblepharidaceae,.,.,Pyramidomonas,.,tetrarhynchus,.,.,PHYT,,*,
P2101,,Chlorophyta,Chlorophyceae,Volvocales,.,Chlamydomonadaceae,.,.,Carteria,.,spp.,.,.,PHYT,,*,
P2102,,Chlorophyta,Chlorophyceae,Volvocales,.,Chlamydomonadaceae,.,.,Chlamydomonas,.,frigida,.,.,PHYT,,*,
P2103,,Chlorophyta,Chlorophyceae,Volvocales,.,Chlamydomonadaceae,.,.,Chlamydomonas,.,sagitulla,.,.,PHYT,,*,
P2104,,Chlorophyta,Chlorophyceae,Volvocales,.,Chlamydomonadaceae,.,.,Chlamydomonas,.,vernalis,.,.,PHYT,,*,
P2105,,Chlorophyta,Chlorophyceae,Volvocales,.,Chlamydomonadaceae,.,.,Chlamydomonas,.,spp.,.,.,PHYT,,*,
P2106,,Chlorophyta,Chlorophyceae,Volvocales,.,Chlamydomonadaceae,.,.,Chlorogonium,.,sp.,.,.,PHYT,,*,
P2107,,Chlorophyta,Chlorophyceae,Volvocales,.,Chlamydomonadaceae,.,.,Chlorogonium,.,maximum,.,.,PHYT,,*,
P2108,,Chlorophyta,Chlorophyceae,Volvocales,.,Chlamydomonadaceae,.,.,Chlorogonium,.,parvula,.,.,PHYT,,*,
P2109,,Chlorophyta,Chlorophyceae,Volvocales,.,Volvocaceae,.,.,Volvox,.,aureus,.,.,PHYT,,*,
P2110,,Chlorophyta,Chlorophyceae,Tetrasporales,.,Palmellaceae,.,.,Coenochloris,.,planctonica,.,.,PHYT,,*,
P2111,,Chlorophyta,Chlorophyceae,Tetrasporales,.,Palmellaceae,.,.,Coenochloris,.,planctonica,.,.,PHYT,v.,*,
P2112,,Chlorophyta,Chlorophyceae,Tetrasporales,.,Palmellaceae,.,.,Sphaerocystis,.,schroeteri,.,.,PHYT,,*,
P2113,,Chlorophyta,Chlorophyceae,Chlorococcales,.,Hydrodictyaceae,.,.,Pediastrum,.,duplex,.,.,PHYT,,*,
P2114,,Chlorophyta,Chlorophyceae,Chlorococcales,.,Hydrodictyaceae,.,.,Pediastrum,.,boryanum,.,.,PHYT,,*,
P2115,,Chlorophyta,Chlorophyceae,Chlorococcales,.,Hydrodictyaceae,.,.,Pediastrum,.,tetras,.,.,PHYT,,*,
P2116,,Chlorophyta,Chlorophyceae,Chlorococcales,.,Hydrodictyaceae,.,.,Pediastrum,.,sp.,.,.,PHYT,,*,
P2117,,Chlorophyta,Chlorophyceae,Chlorococcales,.,Oocystaceae,.,.,Chlorella,.,vulgaris,.,.,PHYT,,*,
P2118,,Chlorophyta,Chlorophyceae,Chlorococcales,.,Oocystaceae,.,.,Chlorella,.,pyrenoidosa,.,.,PHYT,,*,
P2119,,Chlorophyta,Chlorophyceae,Chlorococcales,.,Oocystaceae,.,.,Chlorella,.,sp.,.,.,PHYT,,*,
P2120,,Chlorophyta,Chlorophyceae,Chlorococcales,.,Oocystaceae,.,.,Oocystis,.,submarina,.,.,PHYT,variabilis,*,
P2121,,Chlorophyta,Chlorophyceae,Chlorococcales,.,Oocystaceae,.,.,Oocystis,.,lacustris,.,.,PHYT,,*,
P2122,,Chlorophyta,Chlorophyceae,Chlorococcales,.,Oocystaceae,.,.,Oocystis,.,solitaria,.,.,PHYT,,*,
P2123,,Chlorophyta,Chlorophyceae,Chlorococcales,.,Oocystaceae,.,.,Oocystis,.,borgei,.,.,PHYT,,*,
P2124,,Chlorophyta,Chlorophyceae,Chlorococcales,.,Oocystaceae,.,.,Oocystis,.,sp.,.,.,PHYT,,*,
P2125,,Chlorophyta,Chlorophyceae,Volvocales,.,Volvocaceae,.,.,Paulschulzia,.,pseudovolvox,.,.,PHYT,,*,
P2126,,Chlorophyta,Chlorophyceae,Chlorococcales,.,Oocystaceae,.,.,Chodatella,.,sp.,.,.,PHYT,,*,
P2127,,Chlorophyta,Chlorophyceae,Chlorococcales,.,Oocystaceae,.,.,Tetraedron,.,minimum,.,.,PHYT,,*,
P2128,,Chlorophyta,Chlorophyceae,Chlorococcales,.,Oocystaceae,.,.,Tetraedron,.,sp.,.,.,PHYT,,*,
P2129,,Chlorophyta,Chlorophyceae,Chlorococcales,.,Oocystaceae,.,.,Tetraedron,.,sp. a,.,.,PHYT,,*,
P2130,,Chlorophyta,Chlorophyceae,Chlorococcales,.,Scenedesmaceae,.,.,Scenedesmus,.,quadricauda,.,.,PHYT,,*,
P2131,,Chlorophyta,Chlorophyceae,Chlorococcales,.,Scenedesmaceae,.,.,Scenedesmus,.,quadricauda,.,.,PHYT,v.,*,
P2132,,Chlorophyta,Chlorophyceae,Chlorococcales,.,Scenedesmaceae,.,.,Scenedesmus,.,denticulatus,.,.,PHYT,,*,
P2133,,Chlorophyta,Chlorophyceae,Chlorococcales,.,Scenedesmaceae,.,.,Scenedesmus,.,brevispina,.,.,PHYT,,*,
P2134,,Chlorophyta,Chlorophyceae,Chlorococcales,.,Scenedesmaceae,.,.,Scenedesmus,.,platydiscus,.,.,PHYT,,*,
P2135,,Chlorophyta,Chlorophyceae,Chlorococcales,.,Scenedesmaceae,.,.,Scenedesmus,.,sp.,.,.,PHYT,,*,
P2136,,Chlorophyta,Chlorophyceae,Chlorococcales,.,Oocystaceae,.,.,Dictyosphaerium,.,pulchellum,.,.,PHYT,,*,
P2137,,Chlorophyta,Chlorophyceae,Chlorococcales,.,Oocystaceae,.,.,Dictyosphaerium,.,simplex,.,.,PHYT,,*,
P2138,,Chlorophyta,Chlorophyceae,Chlorococcales,.,Oocystaceae,.,.,Monoraphidium,.,komarkovae,.,.,PHYT,,*,
P2139,,Chlorophyta,Chlorophyceae,Chlorococcales,.,Oocystaceae,.,.,Monoraphidium,.,braunii,.,.,PHYT,,*,
P2140,,Chlorophyta,Chlorophyceae,Chlorococcales,.,Oocystaceae,.,.,Monoraphidium,.,tortile,.,.,PHYT,,*,
P2141,,Chlorophyta,Chlorophyceae,Chlorococcales,.,Oocystaceae,.,.,Monoraphidium,.,contortum,.,.,PHYT,,*,
P2142,,Chlorophyta,Chlorophyceae,Chlorococcales,.,Oocystaceae,.,.,Monoraphidium,.,sp. a,.,.,PHYT,,*,
P2143,,Chlorophyta,Chlorophyceae,Chlorococcales,.,Oocystaceae,.,.,Monoraphidium,.,minutum,.,.,PHYT,,*,
P2144,,Chlorophyta,Chlorophyceae,Chlorococcales,.,Oocystaceae,.,.,Monoraphidium,.,sp. c,.,.,PHYT,,*,
P2145,,Chlorophyta,Chlorophyceae,Chlorococcales,.,Scenedesmaceae,.,.,Crucigeniella,.,quadrata,.,.,PHYT,,*,
P2146,,Chlorophyta,Chlorophyceae,Chlorococcales,.,Scenedesmaceae,.,.,Crucigeniella,.,rectangularis,.,.,PHYT,,*,
P2147,,Chlorophyta,Chlorophyceae,Chlorococcales,.,Scenedesmaceae,.,.,Crucigeniella,.,rectangularis,.,.,PHYT,irregularis,*,
P2148,,Chlorophyta,Chlorophyceae,Chlorococcales,.,Scenedesmaceae,.,.,Crucigeniella,.,tetrapedia,.,.,PHYT,,*,
P2149,,Chlorophyta,Chlorophyceae,Chlorococcales,.,Scenedesmaceae,.,.,Crucigeniella,.,apiculata,.,.,PHYT,,*,
P2150,,Chlorophyta,Chlorophyceae,Chlorococcales,.,Scenedesmaceae,.,.,Crucigeniella,.,spp.,.,.,PHYT,,*,
P2151,,Chlorophyta,Chlorophyceae,Chlorococcales,.,Coelastraceae,.,.,Coelastrum,.,sp.,.,.,PHYT,,*,
P2152,,Chlorophyta,Chlorophyceae,Chlorococcales,.,Coelastraceae,.,.,Coelastrum,.,cambricum,.,.,PHYT,,*,
P2153,,Chlorophyta,Chlorophyceae,Chlorococcales,.,Coelastraceae,.,.,Coelastrum,.,morus,.,.,PHYT,,*,
P2154,,Chlorophyta,Chlorophyceae,Chlorococcales,.,Coelastraceae,.,.,Coelastrum,.,microporum,.,.,PHYT,,*,
P2155,,Chlorophyta,Chlorophyceae,Chlorococcales,.,Oocystaceae,.,.,Selenastrum,.,minutum,.,.,PHYT,,*,
P2156,,Chlorophyta,Chlorophyceae,Chlorococcales,.,Oocystaceae,.,.,Selenastrum,.,sp.,.,.,PHYT,,*,
P2157,,Chlorophyta,Chlorophyceae,Chlorococcales,.,Oocystaceae,.,.,Kichnerella,.,lunaris,.,.,PHYT,,*,
P2158,,Chlorophyta,Chlorophyceae,Chlorococcales,.,Oocystaceae,.,.,Ankistrodesmus,.,braunii,.,.,PHYT,,*,
P2159,,Chlorophyta,Chlorophyceae,Chlorococcales,.,Oocystaceae,.,.,Ankistrodesmus,.,sp.,.,.,PHYT,,*,
P2160,,Chlorophyta,Chlorophyceae,Chlorococcales,.,Oocystaceae,.,.,Ankistrodesmus,.,falcatus,.,.,PHYT,,*,
P2163,,Chlorophyta,Chlorophyceae,Tetrasporales,.,Coccomyxaceae,.,.,Coccomyxa,.,sp.,.,.,PHYT,,*,
P2164,,Chlorophyta,Chlorophyceae,Chlorococcales,.,Oocystaceae,.,.,Quadrigula,.,closterioides,.,.,PHYT,,*,
P2165,,Chlorophyta,Chlorophyceae,Chlorococcales,.,Oocystaceae,.,.,Quadrigula,.,pfitzeri,.,.,PHYT,,*,
P2166,,Chlorophyta,Chlorophyceae,Chlorococcales,.,Oocystaceae,.,.,Quadrigula,.,sp.,.,.,PHYT,,*,
P2167,,Chlorophyta,Chlorophyceae,Tetrasporales,.,Coccomyxaceae,.,.,Elakatothrix,.,gelatinosa,.,.,PHYT,,*,
P2168,,Chlorophyta,Chlorophyceae,Tetrasporales,.,Coccomyxaceae,.,.,Elakatothrix,.,genevensis,.,.,PHYT,,*,
P2169,,Chlorophyta,Chlorophyceae,Ulotrichales,.,Ulotrichaceae,.,.,Planctonema,.,lauterbornii,.,.,PHYT,,*,
P2170,,Chlorophyta,Chlorophyceae,Ulotrichales,.,Ulotrichaceae,.,.,Stichococcus,.,sp.,.,.,PHYT,,*,
P2171,,Chlorophyta,Chlorophyceae,Chlorococcales,.,Closteriaceae,.,.,Closterium,.,kuetzingii,.,.,PHYT,,*,
P2172,,Chlorophyta,Chlorophyceae,Chlorococcales,.,Closteriaceae,.,.,Closterium,.,pronum,.,.,PHYT,,*,
P2173,,Chlorophyta,Chlorophyceae,Chlorococcales,.,Closteriaceae,.,.,Closterium,.,dianae,.,.,PHYT,,*,
P2174,,Chlorophyta,Chlorophyceae,Chlorococcales,.,Closteriaceae,.,.,Closterium,.,sp.,.,.,PHYT,,*,
P2175,,Chlorophyta,Chlorophyceae,Desmidales,.,Desmidiaceae,.,.,Pleurotaenium,.,sp.,.,.,PHYT,,*,
P2176,,Chlorophyta,Chlorophyceae,Chlorococcales,.,Desmidiaceae,.,.,Cormarium,.,depressum,.,.,PHYT,achondrum,*,
P2177,,Chlorophyta,Chlorophyceae,Chlorococcales,.,Desmidiaceae,.,.,Cosmarium,.,contractum,.,.,PHYT,,*,
P2178,,Chlorophyta,Chlorophyceae,Chlorococcales,.,Desmidiaceae,.,.,Cosmarium,.,sp.,.,.,PHYT,,*,
P2179,,Chlorophyta,Chlorophyceae,Chlorococcales,.,Desmidiaceae,.,.,Cosmarium,.,sp. a,.,.,PHYT,,*,
P2180,,Chlorophyta,Chlorophyceae,Chlorococcales,.,Desmidiaceae,.,.,Cosmarium,.,sp. b,.,.,PHYT,,*,
P2181,,Chlorophyta,Chlorophyceae,Chlorococcales,.,Desmidiaceae,.,.,Euastrum,.,denticulatum,.,.,PHYT,,*,
P2182,,Chlorophyta,Chlorophyceae,Chlorococcales,.,Desmidiaceae,.,.,Euastrum,.,spp.,.,.,PHYT,,*,
P2183,,Chlorophyta,Chlorophyceae,Chlorococcales,.,Desmidiaceae,.,.,Euastrum,.,sinuosum,.,.,PHYT,,*,
P2184,,Chlorophyta,Chlorophyceae,Chlorococcales,.,Desmidiaceae,.,.,Euastrum,.,binale,.,.,PHYT,,*,
P2185,,Chlorophyta,Chlorophyceae,Chlorococcales,.,Desmidiaceae,.,.,Micrasterias,.,sp.,.,.,PHYT,,*,
P2186,,Chlorophyta,Chlorophyceae,Chlorococcales,.,Desmidiaceae,.,.,Xanthidium,.,sp.,.,.,PHYT,,*,
P2187,,Chlorophyta,Chlorophyceae,Chlorococcales,.,Desmidiaceae,.,.,Staurodesmus,.,extensus,.,.,PHYT,,*,
P2188,,Chlorophyta,Chlorophyceae,Chlorococcales,.,Desmidiaceae,.,.,Arthrodesmus,.,octocornis,.,.,PHYT,,*,
P2189,,Chlorophyta,Chlorophyceae,Chlorococcales,.,Desmidiaceae,.,.,Arthrodesmus,.,sp.,.,.,PHYT,,*,
P2190,,Chlorophyta,Chlorophyceae,Chlorococcales,.,Desmidiaceae,.,.,Staurodesmus,.,curvatum,.,.,PHYT,,*,
P2191,,Chlorophyta,Chlorophyceae,Chlorococcales,.,Desmidiaceae,.,.,Staurodesmus,.,cuspidatus,.,.,PHYT,,*,
P2192,,Chlorophyta,Chlorophyceae,Chlorococcales,.,Desmidiaceae,.,.,Staurodesmus,.,lunatum,.,.,PHYT,,*,
P2193,,Chlorophyta,Chlorophyceae,Chlorococcales,.,Desmidiaceae,.,.,Staurodesmus,.,paradoxum,.,.,PHYT,,*,
P2194,,Chlorophyta,Chlorophyceae,Chlorococcales,.,Desmidiaceae,.,.,Staurodesmus,.,longispinum,.,.,PHYT,,*,
P2195,,Chlorophyta,Chlorophyceae,Chlorococcales,.,Desmidiaceae,.,.,Staurodesmus,.,bullardii,.,.,PHYT,,*,
P2196,,Chlorophyta,Chlorophyceae,Chlorococcales,.,Desmidiaceae,.,.,Staurodesmus,.,sp.,.,.,PHYT,,*,
P2197,,Chlorophyta,Chlorophyceae,Chlorococcales,.,Desmidiaceae,.,.,Desmidium,.,sp.,.,.,PHYT,,*,
P2198,,Chlorophyta,Chlorophyceae,Chlorococcales,.,Desmidiaceae,.,.,Teilingia,.,granutatum,.,.,PHYT,,*,
P2199,,Chlorophyta,Chlorophyceae,Chlorococcales,.,Desmidiaceae,.,.,Spondylosium,.,planum,.,.,PHYT,,*,
P2200,,Chlorophyta,Chlorophyceae,Chlorococcales,.,Desmidiaceae,.,.,Spondylosium,.,sp.,.,.,PHYT,,*,
P2201,,Chlorophyta,Chlorophyceae,.,.,.,.,.,Small greens,.,.,.,.,PHYT,,*,
P2202,,Chlorophyta,Chlorophyceae,Volvocales,.,Volvocaceae,.,.,Scourfieldia,.,cordiformis,.,.,PHYT,,*,
P2203,,Chlorophyta,Chlorophyceae,Chlorococcales,.,Oocystaceae,.,.,Chlorella,.,mucosa,.,.,PHYT,,*,
P2204,,Chlorophyta,Chlorophyceae,Chlorococcales,.,Oocystaceae,.,.,Ankrya,.,judai,.,.,PHYT,,*,
P2205,,Chlorophyta,Chlorophyceae,Zygnematales,.,Zygnemataceae,.,.,Mougeotia,.,sp.,.,.,PHYT,,*,
P2206,,Chlorophyta,Chlorophyceae,Chlorococcales,.,Botryococcaceae,.,.,Botryococcus,.,braunii,.,.,PHYT,,*,
P2207,,Chlorophyta,Chlorophyceae,Chlorococcales,.,Botryococcaceae,.,.,Botryococcus,.,protruberans,.,.,PHYT,,*,
P2208,,Chlorophyta,Chlorophyceae,Chlorococcales,.,Botryococcaceae,.,.,Botryococcus,.,sudeticus,.,.,PHYT,,*,
P2209,,Chlorophyta,Chlorophyceae,Chlorococcales,.,Botryococcaceae,.,.,Coccomyxa,.,sp. a,.,.,PHYT,,*,
P2210,,Chlorophyta,Chlorophyceae,Ulotrichales,.,Ulotrichaceae,.,.,Gloeotilia,.,contorta,.,.,PHYT,,*,
P2212,,Chlorophyta,Chlorophyceae,Chlorococcales,.,Oocystaceae,.,.,Schroederia,.,setigera,.,.,PHYT,,*,
P2213,,Chlorophyta,Chlorophyceae,Zygnematales,.,Zygnemataceae,.,.,Spyrogyra,.,sp.,.,.,PHYT,,*,
P2214,,Chlorophyta,Chlorophyceae,Chlorococcales,.,Oocystaceae,.,.,Westella,.,sp.,.,.,PHYT,,*,
P2215,,Chlorophyta,Chlorophyceae,Chlorococcales,.,Oocystaceae,.,.,Tetraedron,.,caudatum,.,.,PHYT,,*,
P2216,,Chlorophyta,Chlorophyceae,Zygnematales,.,Zygnemataceae,.,.,Zygnema,.,sp.,.,.,PHYT,,*,
P2217,,Chlorophyta,Chlorophyceae,Volvocales,.,Volvocaceae,.,.,Collodictyon,.,sp.,.,.,PHYT,,*,
P2218,,Chlorophyta,Chlorophyceae,Chlorococcales,.,Oocystaceae,.,.,Closteriopsis,.,longissima,.,.,PHYT,,*,
P2219,,Chlorophyta,Chlorophyceae,Chlorococcales,.,Desmidiaceae,.,.,Bambusina,.,brebissonii,.,.,PHYT,,*,
P2220,,Chlorophyta,Chlorophyceae,Zygnematales,.,Zygnemataceae,.,.,Zygogonium,.,sp.,.,.,PHYT,,*,
P2222,,Chlorophyta,Chlorophyceae,Chlorococcales,.,Oocystaceae,.,.,Treubaria,.,sp.,.,.,PHYT,,*,
P2223,,Chlorophyta,Chlorophyceae,Chlorococcales,.,Oocystaceae,.,.,Planktosphaeria,.,gelatinosa,.,.,PHYT,,*,
P2224,,Chlorophyta,Chlorophyceae,Chlorococcales,.,Oocystaceae,.,.,Treubaria,.,triappendiculata,.,.,PHYT,,*,
P2225,,Chlorophyta,Chlorophyceae,Chlorococcales,.,Desmidiaceae,.,.,Netrium,.,digitus,.,.,PHYT,,*,
P2226,,Chlorophyta,Chlorophyceae,Ulotichales,.,Ulotichaceae,.,.,Ulothrix,.,sp.,.,.,PHYT,,*,
P2227,,Chlorophyta,Chlorophyceae,Chlorococcales,.,Desmidiaceae,.,.,Gonatozygon,.,sp.,.,.,PHYT,,*,
P2228,,Chlorophyta,Chlorophyceae,Oedogoniales,.,Oedogoniaceae,.,.,Oedogonium,.,sp.,.,.,PHYT,,*,
P2229,,Chlorophyta,Chlorophyceae,Ulotichales,.,Ulotichaceae,.,.,Binuclearia,.,sp.,.,.,PHYT,,*,
P2230,,Chlorophyta,Chlorophyceae,Tetrasporales,.,Tetrasporaceae,.,.,Tetraspora,.,sp.,.,.,PHYT,,*,
P2231,,Chlorophyta,Chlorophyceae,Oedogoniales,.,Oedogoniaceae,.,.,Bulbochaete,.,sp.,.,.,PHYT,,*,
P2232,,Chlorophyta,Chlorophyceae,Chlorococcales,.,Oocystaceae,.,.,Chloricystis,.,sp.,.,.,PHYT,,*,
P2233,,Chlorophyta,Chlorophyceae,Volvocales,.,Volvocaceae,.,.,Pandorina,.,charkowiensis,.,.,PHYT,,*,
P2234,,Chlorophyta,Chlorophyceae,Chlorococcales,.,Closteriaceae,.,.,Closteriopsis,.,sp.,.,.,PHYT,,*,
P2235,,Chlorophyta,Chlorophyceae,Chlorococcales,.,Oocystaceae,.,.,Ankistrodesmus,.,spiralis,.,.,PHYT,,,
P2236,,Chlorophyta,Chlorophyceae,Chlorococcales,.,Desmidiaceae,.,.,Staurodesmus,.,cerastes,.,.,PHYT,,,
P2238,,Chlorophyta,Chlorophyceae,Volvocales,.,Volvocaceae,.,.,Eudorina,.,sp.,.,.,PHYT,,*,
P2239,,Chlorophyta,Chlorophyceae,Chlorococcales,.,Desmidiaceae,.,.,Staurodesmus,.,teliferum,.,.,PHYT,ORDINA,*,
P2240,,Chlorophyta,Chlorophyceae,Chlorococcales,.,Oocystaceae,.,.,Koliella,.,sp.,.,.,PHYT,,,
P2241,,Chlorophyta,Chlorophyceae,Chlorococcales,.,Desmidiaceae,.,.,Staurodesmus,.,cingulum,.,.,PHYT,,,
P2243,,Chlorophyta,Chlorophyceae,Tetrasporales,.,Tetrasporaceae,.,.,Tetraspora,.,sp. a,.,.,PHYT,,*,
P2244,,Chlorophyta,Chlorophyceae,Chaetophorales,.,Chaetophoraceae,.,.,Draparnaldia,.,sp.,.,.,PHYT,,*,
P2245,,Chlorophyta,Chlorophyceae,Ulotrichales,.,Ulotrichaceae,.,.,Radiofilum,.,sp.,.,.,PHYT,,*,
P2246,,Chlorophyta,Chlorophyceae,Microsporales,.,Microsporaceae,.,.,Microspora,.,sp.,.,.,PHYT,,*,
P2247,,Chlorophyta,Chlorophyceae,Chlorococcales,.,Oocystaceae,.,.,Oocystis,.,gigas,.,.,PHYT,,*,
P2248,,Chlorophyta,Chlorophyceae,Chlorococcales,.,Desmidiaceae,.,.,Cosmarium,.,impressulum,.,.,PHYT,,*,
P2249,,Chlorophyta,Chlorophyceae,Volvocales,.,Chlamydomonadaceae,.,.,Spaerellopsis,.,sp.,.,.,PHYT,,*,
P2250,,Chlorophyta,Chlorophyceae,Chlorococcales,.,Oocystaceae,.,.,Tetrastrum,.,heteracanthun,.,.,PHYT,,*,
P2252,,Chlorophyta,Chlorophyceae,Chlorococcales,.,Scenedesmaceae,.,.,Scenedesmus,.,acutus,.,.,PHYT,,*,
P2500,,Chlorophyta,Chlorophyceae,Zygnematales,.,Zygnemataceae,.,.,Triploceras,.,sp.,.,.,PHYT,,*,
P2501,,Chlorophyta,Chlorophyceae,Zygnematales,.,Zygnemataceae,.,.,Groenbladia,.,neglecta,.,.,PHYT,,*,
P2502,,Chlorophyta,Chlorophyceae,Zygnematales,.,Zygnemataceae,.,.,Hyalotheca,.,mucosa,.,.,PHYT,,*,
P2506,,Chlorophyta,Chlorophyceae,Chlorococcales,.,Oocystaceae,.,.,Nephrocytiun,.,lunatum,.,.,PHYT,,*,
P2516,,Chlorophyta,Chlorophyceae,Volvocales,.,Chlamydomonadaceae,.,.,Characiochloris,.,incrassata,.,.,PHYT,,*,
P2951,,Chlorophyta,Chlorophyceae,Volvocales,.,Polyblepharidaceae,.,.,Pyramimonas,.,micron,.,.,PHYT,,*,
P2952,,Chlorophyta,Chlorophyceae,Cladophorales,.,Cladophoraceae,.,.,Cladophora,.,sp.,.,.,PHYT,,*,
P2953,,Chlorophyta,Chlorophyceae,Cladophorales,.,Cladophoraceae,.,.,Rhizoclonium,.,sp.,.,.,PHYT,,*,
P2954,,Chlorophyta,Chlorophyceae,Chaetophorales,.,Chaetophoraceae,.,.,Stigeoclonium,.,sp.,.,.,PHYT,,*,
P2955,,Chlorophyta,Chlorophyceae,Tetrasporales,.,Chlorangiaceae,.,.,Tetraspora,.,sp.,.,.,PHYT,,*,
P2956,,Chlorophyta,Chlorophyceae,Ulotichales,.,Ulotichaceae,.,.,Hormidiopsis,.,sp.,.,.,PHYT,,*,
P2958,,Chlorophyta,Chlorophyceae,Volvocales,.,Volvocaceae,.,.,Spermatozopsis,.,sp.,.,.,PHYT,,*,
P2960,,Chlorophyta,Chlorophyceae,Ulotrichales,.,Ulotrichaceae,.,.,Stichococcus,.,bacillaris,.,.,PHYT,,*,
P3300,,Euglenophyta,Euglenophyceae,Euglenales,.,Euglenaceae,.,.,Euglena,.,viridis,.,.,PHYT,,*,
P3301,,Euglenophyta,Euglenophyceae,Euglenales,.,Euglenaceae,.,.,Euglena,.,acus,.,.,PHYT,,*,
P3302,,Euglenophyta,Euglenophyceae,Euglenales,.,Euglenaceae,.,.,Euglena,.,sp.,.,.,PHYT,,*,
P3303,,Euglenophyta,Euglenophyceae,Euglenales,.,Euglenaceae,.,.,Lepocinclis,.,ovum,.,.,PHYT,,*,
P3304,,Euglenophyta,Euglenophyceae,Euglenales,.,Euglenaceae,.,.,Phacus,.,sp.,.,.,PHYT,,*,
P3305,,Euglenophyta,Euglenophyceae,Euglenales,.,Euglenaceae,.,.,Trachelomonas,.,volvocina,.,.,PHYT,,*,
P3306,,Euglenophyta,Euglenophyceae,Euglenales,.,Euglenaceae,.,.,Trachelomonas,.,hispida,.,.,PHYT,,*,
P3307,,Euglenophyta,Euglenophyceae,Euglenales,.,Euglenaceae,.,.,Trachelomonas,.,spinosa,.,.,PHYT,,*,
P3308,,Euglenophyta,Euglenophyceae,Euglenales,.,Euglenaceae,.,.,Trachelomonas,.,sp.,.,.,PHYT,,*,
P3309,,Euglenophyta,Euglenophyceae,Euglenales,.,Euglenaceae,.,.,Astasia,.,sp.,.,.,PHYT,,*,
P3310,,Euglenophyta,Euglenophyceae,Euglenales,.,Euglenaceae,.,.,Euglena,.,mutabilis,.,.,PHYT,,*,
P3311,,Euglenophyta,Euglenophyceae,Euglenales,.,Euglenaceae,.,.,Euglena,.,cysts,.,.,PHYT,,*,
P3951,,Euglenophyta,Euglenophyceae,Euglenales,.,Euglenaceae,.,.,Euglena,.,proxima,.,.,PHYT,,*,
P4242,,Chrysophyta,Chrysophyceae,Heterococcales,.,Tribonemataceae,.,.,Tribonema,.,sp.,.,.,PHYT,,*,
P4351,,Chrysophyta,Chrysophyceae,.,.,.,.,.,Small chrysophyceae,.,.,.,.,PHYT,,*,
P4352,,Chrysophyta,Chrysophyceae,.,.,.,.,.,Large chrysophyceae,.,.,.,.,PHYT,,*,
P4353,,Chrysophyta,Chrysophyceae,Chrysomonadales,.,Chromulineae,.,.,Chromulina,.,erkensis,.,.,PHYT,,*,
P4354,,Chrysophyta,Chrysophyceae,Chrysomonadales,.,Chromulineae,.,.,Chromulina,.,spp.,.,.,PHYT,,*,
P4355,,Chrysophyta,Chrysophyceae,Prymnesiales,.,Prymnesiaceae,.,.,Chrysochromulina,.,parva,.,.,PHYT,,*,
P4356,,Chrysophyta,Chrysophyceae,Chrysomonadales,.,Chrysocapsaceae,.,.,Chrysococcus,.,minutus,.,.,PHYT,,*,
P4357,,Chrysophyta,Chrysophyceae,Chrysomonadales,.,Chrysocapsaceae,.,.,Chrysococcus,.,sp.,.,.,PHYT,,*,
P4358,,Chrysophyta,Chrysophyceae,Rhizochrysidales,.,Rhizochrysidaceae,.,.,Chrysostephanospaera,.,globulifera,.,.,PHYT,,*,
P4359,,Chrysophyta,Chrysophyceae,Chrysomonadales,.,Chromulineae,.,.,Kephyrion,.,littorale,.,.,PHYT,,*,
P4360,,Chrysophyta,Chrysophyceae,Chrysomonadales,.,Chromulineae,.,.,Kephyrion,.,spirale,.,.,PHYT,,*,
P4361,,Chrysophyta,Chrysophyceae,Chrysomonadales,.,Chromulineae,.,.,Kephyrion,.,boreale,.,.,PHYT,,*,
P4362,,Chrysophyta,Chrysophyceae,Chrysomonadales,.,Chromulineae,.,.,Kephyrion,.,sp.,.,.,PHYT,,*,
P4363,,Chrysophyta,Chrysophyceae,Ochromonadales,.,Synuraceae,.,.,Spiniferomonas,.,serratus,.,.,PHYT,,*,
P4364,,Chrysophyta,Chrysophyceae,Ochromonadales,.,Synuraceae,.,.,Mallomonas,.,caudata,.,.,PHYT,,*,
P4365,,Chrysophyta,Chrysophyceae,Ochromonadales,.,Synuraceae,.,.,Mallomonas,.,acaroides,.,.,PHYT,,*,
P4366,,Chrysophyta,Chrysophyceae,Ochromonadales,.,Synuraceae,.,.,Mallomonas,.,elongata,.,.,PHYT,,*,
P4367,,Chrysophyta,Chrysophyceae,Ochromonadales,.,Synuraceae,.,.,Mallomonas,.,duerrschmidtiae,.,.,PHYT,,*,
P4368,,Chrysophyta,Chrysophyceae,Ochromonadales,.,Synuraceae,.,.,Mallomonas,.,crassisquama,.,.,PHYT,,*,
P4369,,Chrysophyta,Chrysophyceae,Ochromonadales,.,Synuraceae,.,.,Mallomonas,.,pseudocoronata,.,.,PHYT,,*,
P4370,,Chrysophyta,Chrysophyceae,Ochromonadales,.,Synuraceae,.,.,Mallomonas,.,akrokomos,.,.,PHYT,,*,
P4371,,Chrysophyta,Chrysophyceae,Ochromonadales,.,Synuraceae,.,.,Mallomonas,.,transsylvanica,.,.,PHYT,,*,
P4372,,Chrysophyta,Chrysophyceae,Ochromonadales,.,Synuraceae,.,.,Mallomonas,.,tonsurata,.,.,PHYT,,*,
P4373,,Chrysophyta,Chrysophyceae,Ochromonadales,.,Synuraceae,.,.,Mallomonas,.,spp.,.,.,PHYT,,*,
P4374,,Chrysophyta,Chrysophyceae,Ochromonadales,.,Synuraceae,.,.,Synura,.,spinosa,.,.,PHYT,,*,
P4375,,Chrysophyta,Chrysophyceae,Ochromonadales,.,Synuraceae,.,.,Synura,.,sphagnicola,.,.,PHYT,,*,
P4376,,Chrysophyta,Chrysophyceae,Ochromonadales,.,Synuraceae,.,.,Synura,.,echinulata,.,.,PHYT,,*,
P4377,,Chrysophyta,Chrysophyceae,Ochromonadales,.,Synuraceae,.,.,Synura,.,spp.,.,.,PHYT,,*,
P4378,,Chrysophyta,Chrysophyceae,Ochromonadales,.,Dinobryoaceae,.,.,Dinobryon,.,borgei,.,.,PHYT,,*,
P4379,,Chrysophyta,Chrysophyceae,Ochromonadales,.,Dinobryoaceae,.,.,Dinobryon,.,suecicum,.,.,PHYT,longispinum,*,
P4380,,Chrysophyta,Chrysophyceae,Ochromonadales,.,Dinobryoaceae,.,.,Dinobryon,.,suecicum,.,.,PHYT,,*,
P4381,,Chrysophyta,Chrysophyceae,Ochromonadales,.,Dinobryoaceae,.,.,Dinobryon,.,mucronutom,.,.,PHYT,,*,
P4382,,Chrysophyta,Chrysophyceae,Ochromonadales,.,Dinobryoaceae,.,.,Dinobryon,.,elegantissimum,.,.,PHYT,,*,
P4383,,Chrysophyta,Chrysophyceae,Ochromonadales,.,Dinobryoaceae,.,.,Dinobryon,.,bavaricum,.,.,PHYT,,*,
P4384,,Chrysophyta,Chrysophyceae,Ochromonadales,.,Dinobryoaceae,.,.,Dinobryon,.,bavaricum,.,.,PHYT,vanhoeffenii,*,
P4385,,Chrysophyta,Chrysophyceae,Ochromonadales,.,Dinobryoaceae,.,.,Dinobryon,.,divergens,.,.,PHYT,,*,
P4386,,Chrysophyta,Chrysophyceae,Ochromonadales,.,Dinobryoaceae,.,.,Dinobryon,.,divergens,.,.,PHYT,schauinslandii,*,
P4387,,Chrysophyta,Chrysophyceae,Ochromonadales,.,Dinobryoaceae,.,.,Dinobryon,.,cylindricum,.,.,PHYT,,*,
P4388,,Chrysophyta,Chrysophyceae,Ochromonadales,.,Dinobryoaceae,.,.,Dinobryon,.,sertularia,.,.,PHYT,,*,
P4389,,Chrysophyta,Chrysophyceae,Ochromonadales,.,Dinobryoaceae,.,.,Dinobryon,.,sertularia,.,.,PHYT,protruberans,*,
P4390,,Chrysophyta,Chrysophyceae,Ochromonadales,.,Dinobryoaceae,.,.,Dinobryon,.,sociale,.,.,PHYT,,*,
P4391,,Chrysophyta,Chrysophyceae,Ochromonadales,.,Dinobryoaceae,.,.,Dinobryon,.,sociale,.,.,PHYT,stipitatum,*,
P4392,,Chrysophyta,Chrysophyceae,Ochromonadales,.,Dinobryoaceae,.,.,Dinobryon,.,sociale,.,.,PHYT,americanum,*,
P4393,,Chrysophyta,Chrysophyceae,Ochromonadales,.,Dinobryoaceae,.,.,Dinobryon,.,spp.,.,.,PHYT,,*,
P4394,,Chrysophyta,Chrysophyceae,Ochromonadales,.,Dinobryoaceae,.,.,Epipyxis,.,sp.,.,.,PHYT,,*,
P4395,,Chrysophyta,Chrysophyceae,Ochromonadales,.,Dinobryoaceae,.,.,Epipyxis,.,sp. a,.,.,PHYT,,*,
P4396,,Chrysophyta,Chrysophyceae,Ochromonadales,.,Ochromonadaceae,.,.,Chrysolkos,.,skuja,.,.,PHYT,,*,
P4397,,Chrysophyta,Chrysophyceae,Ochromonadales,.,Ochromonadaceae,.,.,Chrysolkos,.,planctonicus,.,.,PHYT,,*,
P4398,,Chrysophyta,Chrysophyceae,Ochromonadales,.,Ochromonadaceae,.,.,Ochromonas,.,globosa,.,.,PHYT,,*,
P4399,,Chrysophyta,Chrysophyceae,Ochromonadales,.,Ochromonadaceae,.,.,Ochromonas,.,verrucosa,.,.,PHYT,,*,
P4400,,Chrysophyta,Chrysophyceae,Ochromonadales,.,Ochromonadaceae,.,.,Ochromonas,.,sp.,.,.,PHYT,,*,
P4401,,Chrysophyta,Chrysophyceae,Ochromonadales,.,Ochromonadaceae,.,.,Uroglena,.,volvox,.,.,PHYT,,*,
P4402,,Chrysophyta,Chrysophyceae,Ochromonadales,.,Synuraceae,.,.,Chrysosphaerella,.,coronacircumspina,.,.,PHYT,,*,
P4403,,Chrysophyta,Chrysophyceae,Ochromonadales,.,Synuraceae,.,.,Chrysosphaerella,.,longispina,.,.,PHYT,,*,
P4404,,Chrysophyta,Chrysophyceae,Ochromonadales,.,Ochromonadaceae,.,.,Pseudokephyrion,.,parvum,.,.,PHYT,,*,
P4405,,Chrysophyta,Chrysophyceae,Ochromonadales,.,Ochromonadaceae,.,.,Pseudokephyrion,.,minutissima,.,.,PHYT,,*,
P4406,,Chrysophyta,Chrysophyceae,Ochromonadales,.,Ochromonadaceae,.,.,Pseudokephyrion,.,spirale,.,.,PHYT,,*,
P4407,,Chrysophyta,Chrysophyceae,Ochromonadales,.,Ochromonadaceae,.,.,Pseudokephyrion,.,entzii,.,.,PHYT,,*,
P4408,,Chrysophyta,Chrysophyceae,Ochromonadales,.,Ochromonadaceae,.,.,Pseudokephyrion,.,boreale,.,.,PHYT,,*,
P4409,,Chrysophyta,Chrysophyceae,Ochromonadales,.,Ochromonadaceae,.,.,Pseudokephyrion,.,spp.,.,.,PHYT,,*,
P4410,,Chrysophyta,Chrysophyceae,Chrysomonadales,.,Chrysocapsaceae,.,.,Chrysocapsa,.,planctonica,.,.,PHYT,,*,
P4411,,Chrysophyta,Chrysophyceae,Ochromonadales,.,Ochromonadaceae,.,.,Bitrichia,.,chodatii,.,.,PHYT,,*,
P4412,,Chrysophyta,Chrysophyceae,Ochromonadales,.,Ochromonadaceae,.,.,Bitrichia,.,longispina,.,.,PHYT,,*,
P4413,,Chrysophyta,Chrysophyceae,Prymnesiales,.,Prymnesiaceae,.,.,Chrysochromulina,.,laurentiana,.,.,PHYT,,*,
P4414,,Chrysophyta,Chrysophyceae,Chrysosphaerales,.,Stichogloeaceae,.,.,Stichogloea,.,spp.,.,.,PHYT,,*,
P4415,,Chrysophyta,Chrysophyceae,Protomastales,.,Bicoeccaceae,.,.,Bicoeca,.,lacustris,.,.,PHYT,,*,
P4416,,Chrysophyta,Chrysophyceae,Protomastales,.,Bicoeccaceae,.,.,Bicoeca,.,ainikkiae,.,.,PHYT,,*,
P4417,,Chrysophyta,Chrysophyceae,Protomastales,.,Bicoeccaceae,.,.,Bicoeca,.,spp.,.,.,PHYT,,*,
P4418,,Chrysophyta,Chrysophyceae,Protomastales,.,Craspedomonadaceae,.,.,Salpingoeca,.,frequentissima,.,.,PHYT,,*,
P4419,,Chrysophyta,Chrysophyceae,Heterococcales,.,Pleurochoridaceae,.,.,Isthmochloron,.,trispinatum,.,.,PHYT,,*,
P4420,,Chrysophyta,Chrysophyceae,Heterococcales,.,Gloeobotrydaceae,.,.,Gloeobotrys,.,limneticus,.,.,PHYT,,*,
P4421,,Chrysophyta,Chrysophyceae,Heterococcales,.,Chlorotheciaceae,.,.,Ophiocytium,.,cochleare,.,.,PHYT,,*,
P4422,,Chrysophyta,Chrysophyceae,Heterococcales,.,Chlorotheciaceae,.,.,Ophiocytium,.,capitatum,.,.,PHYT,,*,
P4424,,Chrysophyta,Chrysophyceae,Ochromonadales,.,Synuraceae,.,.,Mallomonas,.,papillosa,.,.,PHYT,,*,
P4425,,Chrysophyta,Chrysophyceae,Ochromonadales,.,Synuraceae,.,.,Mallomonas,.,hamata,.,.,PHYT,,*,
P4426,,Chrysophyta,Chrysophyceae,Ochromonadales,.,Synuraceae,.,.,Mallomonas,.,marjorensis,.,.,PHYT,,*,
P4427,,Chrysophyta,Chrysophyceae,Ochromonadales,.,Synuraceae,.,.,Chrysosphaerella,.,longispina,.,.,PHYT,a.,*,
P4428,,Chrysophyta,Chrysophyceae,Ochromonadales,.,Synuraceae,.,.,Spiniferomonas,.,sp.,.,.,PHYT,,*,
P4429,,Chrysophyta,Chrysophyceae,Ochromonadales,.,Dinobryoaceae,.,.,Dinobryon,.,tubaeforme,.,.,PHYT,,*,
P4430,,Chrysophyta,Chrysophyceae,Ochromonadales,.,Dinobryoaceae,.,.,Dinobryon,.,crenulatum,.,.,PHYT,,*,
P4431,,Chrysophyta,Chrysophyceae,Ochromonadales,.,Synuraceae,.,.,Synura,.,petersenii,.,.,PHYT,,*,
P4433,,Chrysophyta,Chrysophyceae,Ochromonadales,.,Ochromonadaceae,.,.,Chrysolkos,.,anulatus,.,.,PHYT,,*,
P4434,,Chrysophyta,Chrysophyceae,Chromonadales,.,Chrysococcaceae,.,.,Chrysococcus,.,furcatus,.,.,PHYT,,*,
P4435,,Chrysophyta,Chrysophyceae,Chrysomonadales,.,Chromulineae,.,.,Porochrysis,.,sp.,.,.,PHYT,,*,
P4436,,Chrysophyta,Chrysophyceae,Ochromonadales,.,Dinobryoaceae,.,.,Dinobryon,.,attenatum,.,.,PHYT,,*,
P4437,,Chrysophyta,Chrysophyceae,Rhizochrysidales,.,Rhizochrysidaceae,.,.,Pteridomonas,.,sp.,.,.,PHYT,,*,
P4438,,Chrysophyta,Chrysophyceae,Ochromonadales,.,Synuraceae,.,.,Spiniferomonas,.,bourrelly,.,.,PHYT,,*,
P4439,,Chrysophyta,Chrysophyceae,Ochromonadales,.,Synuraceae,.,.,Chrysosphaerella,.,brevispina,.,.,PHYT,,*,
P4440,,Chrysophyta,Chrysophyceae,Rhizomastigales,.,Rhizomastigaceae,.,.,Stelexomonas,.,dichotoma,.,.,PHYT,,*,
P4441,,Chrysophyta,Chrysophyceae,Ochromonadales,.,Synuraceae,.,.,Synura,.,uvella,.,.,PHYT,,*,
P4442,,Chrysophyta,Chrysophyceae,Ochromonadales,.,Synuraceae,.,.,Mallomonas,.,reginae,.,.,PHYT,,*,
P4443,,Chrysophyta,Chrysophyceae,Ochromonadales,.,Synuraceae,.,.,Mallomonas,.,doignonii,.,.,PHYT,,*,
P4444,,Chrysophyta,Chrysophyceae,Ochromonadales,.,Dinobryoaceae,.,.,Dinobryon,.,pediforme,.,.,PHYT,,*,
P4445,,Chrysophyta,Chrysophyceae,Ochromonadales,.,Synuraceae,.,.,Mallomonas,.,heterospina,.,.,PHYT,,*,
P4446,,Chrysophyta,Chrysophyceae,Protomastales,.,Craspedomonadaceae,.,.,Salpingoeca,.,elegans,.,.,PHYT,,*,
P4447,,Chrysophyta,Chrysophyceae,Rhizochrysidales,.,Rhizochrysidaceae,.,.,Chrysidiastrum,.,catenatum,.,.,PHYT,,*,
P4448,,Chrysophyta,Chrysophyceae,Rhizochrysidales,.,Rhizochrysidaceae,.,.,Rhizochrysis,.,scherffelii,.,.,PHYT,,*,
P4449,,Chrysophyta,Chrysophyceae,Ochromonadales,.,Ochromonadaceae,.,.,Uroglena,.,sp. a,.,.,PHYT,,*,
P4450,,Chrysophyta,Chrysophyceae,Ochromonadales,.,Synuraceae,.,.,Mallomonas,.,torquata,.,.,PHYT,,,
P4452,,Chrysophyta,Chrysophyceae,Ochromonadales,.,Ochromonadaceae,.,.,Uroglena,.,botrys,.,.,PHYT,,,
P4453,,Chrysophyta,Chrysophyceae,Protomastales,.,Craspedomonadaceae,.,.,Desmarella,.,brachycalyx,.,.,PHYT,,,
P4454,,Chrysophyta,Chrysophyceae,Protomastales,.,Craspedomonadaceae,.,.,Sphaeroeca,.,volvox,.,.,PHYT,,*,
P4456,,Chrysophyta,Chrysophyceae,Chromonadales,.,Hydruraceae,.,.,Hydrurus,.,sp.,.,.,PHYT,,*,
P4458,,Chrysophyta,Chrysophyceae,Chromonadales,.,Xanthopyceae,.,.,Ducelliera,.,chodatii,.,.,PHYT,,*,
P4513,,Chrysophyta,Chrysophyceae,Prymnesiales,.,Prymnesiaceae,.,.,Chrysochromulina,.,breviturrita,.,.,PHYT,,*,
P4910,,Chrysophyta,Chrysophyceae,Ochromonadales,.,Ruttneraceae,.,.,Phaeocystis,.,pouchetii,.,.,PHYT,,*,
P4954,,Chrysophyta,Chrysophyceae,Ochromonadales,.,Dinobryoaceae,.,.,Dinobryon,.,baltica,.,.,PHYT,,*,
P5304,,Chrysophyta,Bacillariophyceae,Centrales,.,Melosiroideae,.,.,Aulacoseira,.,distans,.,.,PHYT,humilis,*,
P5307,,Chrysophyta,Bacillariophyceae,Naviculales,.,Gomphonemaceae,.,.,Gomphonema,.,gracile,.,.,PHYT,,*,
P5444,,Chrysophyta,Bacillariophyceae,Fragilariales,.,Fragilarioideae,.,.,Fragilaria,.,construens,.,.,PHYT,BINODIS,*,
P5445,,Chrysophyta,Bacillariophyceae,Naviculales,.,Gomphonemaceae,.,.,Gomphonema,.,constrictum,.,.,PHYT,,*,
P5446,,Chrysophyta,Bacillariophyceae,Naviculales,.,Gomphonemaceae,.,.,Gomphonema,.,constrictum,.,.,PHYT,capitata,*,
P5447,,Chrysophyta,Bacillariophyceae,Naviculales,.,Gomphonemaceae,.,.,Gomphonema,.,ventricosum,.,.,PHYT,,*,
P5500,,Chrysophyta,Bacillariophyceae,Centrales,.,Melosiroideae,.,.,Aulacoseira,.,granulata,.,.,PHYT,,*,
P5501,,Chrysophyta,Bacillariophyceae,Centrales,.,Melosiroideae,.,.,Aulacoseira,.,islandica,.,.,PHYT,,*,
P5502,,Chrysophyta,Bacillariophyceae,Centrales,.,Melosiroideae,.,.,Aulacoseira,.,italica,.,.,PHYT,,*,
P5503,,Chrysophyta,Bacillariophyceae,Centrales,.,Melosiroideae,.,.,Aulacoseira,.,distans,.,.,PHYT,,*,
P5504,,Chrysophyta,Bacillariophyceae,Centrales,.,Melosiroideae,.,.,Aulacoseira,.,sp.,.,.,PHYT,,*,
P5505,,Chrysophyta,Bacillariophyceae,Centrales,.,Coscinodiscoideae,.,.,Cyclotella,.,meneghiniana,.,.,PHYT,,*,
P5507,,Chrysophyta,Bacillariophyceae,Centrales,.,Coscinodiscoideae,.,.,Cyclotella,.,stelligera,.,.,PHYT,,*,
P5508,,Chrysophyta,Bacillariophyceae,Centrales,.,Coscinodiscoideae,.,.,Cyclotella,.,psuedostelligera,.,.,PHYT,,*,
P5509,,Chrysophyta,Bacillariophyceae,Centrales,.,Coscinodiscoideae,.,.,Cyclotella,.,ocellata,.,.,PHYT,,*,
P5510,,Chrysophyta,Bacillariophyceae,Centrales,.,Coscinodiscoideae,.,.,Cyclotella,.,spp.,.,.,PHYT,,*,
P5511,,Chrysophyta,Bacillariophyceae,Rhizosoleniales,.,Rhizosoleneae,.,.,Rhizosolenia,.,eriense,.,.,PHYT,,*,
P5512,,Chrysophyta,Bacillariophyceae,Rhizosoleniales,.,Rhizosoleneae,.,.,Rhizosolenia,.,longiseta,.,.,PHYT,,*,
P5513,,Chrysophyta,Bacillariophyceae,Fragilariales,.,Tabellarioideae,.,.,Tabellaria,.,fenestrata,.,.,PHYT,,*,
P5514,,Chrysophyta,Bacillariophyceae,Fragilariales,.,Tabellarioideae,.,.,Tabellaria,.,flocculsa,.,.,PHYT,,*,
P5515,,Chrysophyta,Bacillariophyceae,Fragilariales,.,Fragilarioideae,.,.,Fragilaria,.,crotonensis,.,.,PHYT,,*,
P5516,,Chrysophyta,Bacillariophyceae,Fragilariales,.,Fragilarioideae,.,.,Fragilaria,.,construens,.,.,PHYT,,*,
P5517,,Chrysophyta,Bacillariophyceae,Fragilariales,.,Fragilarioideae,.,.,Fragilaria,.,spp.,.,.,PHYT,,*,
P5518,,Chrysophyta,Bacillariophyceae,Fragilariales,.,Fragilarioideae,.,.,Synedra,.,acus,.,.,PHYT,,*,
P5519,,Chrysophyta,Bacillariophyceae,Fragilariales,.,Fragilarioideae,.,.,Synedra,.,acus,.,.,PHYT,radians,*,
P5520,,Chrysophyta,Bacillariophyceae,Fragilariales,.,Fragilarioideae,.,.,Synedra,.,acus,.,.,PHYT,angustissima,*,
P5521,,Chrysophyta,Bacillariophyceae,Fragilariales,.,Fragilarioideae,.,.,Synedra,.,nana,.,.,PHYT,,*,
P5522,,Chrysophyta,Bacillariophyceae,Fragilariales,.,Fragilarioideae,.,.,Synedra,.,sp.,.,.,PHYT,,*,
P5523,,Chrysophyta,Bacillariophyceae,Fragilariales,.,Fragilarioideae,.,.,Synedra,.,ulna,.,.,PHYT,,*,
P5524,,Chrysophyta,Bacillariophyceae,Fragilariales,.,Fragilarioideae,.,.,Asterionella,.,formosa,.,.,PHYT,,*,
P5525,,Chrysophyta,Bacillariophyceae,Fragilariales,.,Fragilarioideae,.,.,Asterionella,.,ralfsii,.,.,PHYT,americana,*,
P5526,,Chrysophyta,Bacillariophyceae,Fragilariales,.,Fragilarioideae,.,.,Asterionella,.,sp.,.,.,PHYT,,*,
P5527,,Chrysophyta,Bacillariophyceae,.,.,.,.,.,Small diatoms,.,.,.,.,PHYT,,*,
P5528,,Chrysophyta,Bacillariophyceae,.,.,.,.,.,Large diatoms,.,.,.,.,PHYT,,*,
P5529,,Chrysophyta,Bacillariophyceae,Eunotiales,.,Eunotiaceae,.,.,Eunotia,.,zazumenensis,.,.,PHYT,,*,
P5530,,Chrysophyta,Bacillariophyceae,Centrales,.,Coscinodiscoideae,.,.,Stephanodiscus,.,niagarae,.,.,PHYT,,*,
P5531,,Chrysophyta,Bacillariophyceae,Centrales,.,Coscinodiscoideae,.,.,Stephanodiscus,.,hantzschii,.,.,PHYT,,*,
P5532,,Chrysophyta,Bacillariophyceae,Centrales,.,Coscinodiscoideae,.,.,Stephanodiscus,.,alpinus,.,.,PHYT,,*,
P5534,,Chrysophyta,Bacillariophyceae,Centrales,.,Coscinodiscoideae,.,.,Stephanodiscus,.,sp.,.,.,PHYT,,*,
P5535,,Chrysophyta,Bacillariophyceae,Centrales,.,Coscinodiscoideae,.,.,Stephanodiscus,.,damasii,.,.,PHYT,,*,
P5536,,Chrysophyta,Bacillariophyceae,Fragilariales,.,Tabellarioideae,.,.,Tabellaria,.,fenestrata,.,.,PHYT,intermedia,*,
P5537,,Chrysophyta,Bacillariophyceae,Naviculales,.,Naviculaceae,.,.,Stauroneis,.,sp.,.,.,PHYT,,*,
P5538,,Chrysophyta,Bacillariophyceae,.,.,.,.,.,Penate diatoms,.,.,.,.,PHYT,,*,
P5539,,Chrysophyta,Bacillariophyceae,Naviculales,.,Gomphonemaceae,.,.,Gomphonema,.,sp.,.,.,PHYT,,*,
P5540,,Chrysophyta,Bacillariophyceae,Centrales,.,Melosiroideae,.,.,Aulacoseira,.,italica,.,.,PHYT,subarctica,*,
P5541,,Chrysophyta,Bacillariophyceae,Nitzschiales,.,Nitzschioideae,.,.,Nitzschia,.,clausii,.,.,PHYT,,*,
P5542,,Chrysophyta,Bacillariophyceae,Fragilariales,.,Tabellarioideae,.,.,Tabellaria,.,quadriseptata,.,.,PHYT,,*,
P5543,,Chrysophyta,Bacillariophyceae,Naviculales,.,Naviculaceae,.,.,Frustrulia,.,sp.,.,.,PHYT,,*,
P5544,,Chrysophyta,Bacillariophyceae,Naviculales,.,Naviculaceae,.,.,Pinnularia,.,sp.,.,.,PHYT,,*,
P5545,,Chrysophyta,Bacillariophyceae,Nitzschiales,.,Nitzschioideae,.,.,Nitzschia,.,sp.,.,.,PHYT,,*,
P5546,,Chrysophyta,Bacillariophyceae,Naviculales,.,Naviculaceae,.,.,Gyrosigma,.,sp.,.,.,PHYT,,*,
P5547,,Chrysophyta,Bacillariophyceae,Naviculales,.,Naviculaceae,.,.,Frustrulia,.,rhomboides,.,.,PHYT,,*,
P5549,,Chrysophyta,Bacillariophyceae,Centrales,.,Melosiroideae,.,.,Stephanodiscus,.,binderanus,.,.,PHYT,oestrupii,*,
P5550,,Chrysophyta,Bacillariophyceae,Fragilariales,.,Fragilarioideae,.,.,Fragilaria,.,capucina,.,.,PHYT,rumpens,*,
P5551,,Chrysophyta,Bacillariophyceae,Centrales,.,Coscinodiscoideae,.,.,Cyclotella,.,michiganiana,.,.,PHYT,,*,
P5699,,Chrysophyta,Bacillariophyceae,Rhizosoleniales,.,Rhizosoleneae,.,.,Rhizosolenia,.,sp.,.,.,PHYT,,*,
P5700,,Chrysophyta,Bacillariophyceae,Achnanthales,.,Achnanthaceae,.,.,Achnanthes,.,linearis,.,.,PHYT,,*,
P5701,,Chrysophyta,Bacillariophyceae,Achnanthales,.,Achnanthaceae,.,.,Achnanthes,.,marginatus,.,.,PHYT,,*,
P5702,,Chrysophyta,Bacillariophyceae,Achnanthales,.,Achnanthaceae,.,.,Achnanthes,.,minutissima,.,.,PHYT,,*,
P5704,,Chrysophyta,Bacillariophyceae,Naviculales,.,Naviculaceae,.,.,Anomoeonies,.,sp.,.,.,PHYT,,*,
P5707,,Chrysophyta,Bacillariophyceae,Naviculales,.,Naviculaceae,.,.,Amphipleura,.,sp.,.,.,PHYT,,*,
P5710,,Chrysophyta,Bacillariophyceae,Naviculales,.,Cymbellaceae,.,.,Amphora,.,sp.,.,.,PHYT,,*,
P5715,,Chrysophyta,Bacillariophyceae,Naviculales,.,Cymbellaceae,.,.,Cymbella,.,affinis,.,.,PHYT,,*,
P5716,,Chrysophyta,Bacillariophyceae,Naviculales,.,Cymbellaceae,.,.,Cymbella,.,sp.,.,.,PHYT,,*,
P5720,,Chrysophyta,Bacillariophyceae,Centrales,.,Coscinodiscoideae,.,.,Cyclotella,.,bodanica,.,.,PHYT,,*,
P5721,,Chrysophyta,Bacillariophyceae,Rhizosoleniales,.,Chaetoceraceae,.,.,Chaetoceros,.,sp.,.,.,PHYT,,*,
P5725,,Chrysophyta,Bacillariophyceae,Naviculales,.,Naviculaceae,.,.,Diploneis,.,sp.,.,.,PHYT,,*,
P5726,,Chrysophyta,Bacillariophyceae,Achnanthales,.,Achnanthaceae,.,.,Eucocconeis,.,sp.,.,.,PHYT,,*,
P5727,,Chrysophyta,Bacillariophyceae,Epithemiales,.,Epithemiaceae,.,.,Epithemia,.,sorex,.,.,PHYT,,*,
P5728,,Chrysophyta,Bacillariophyceae,Epithemiales,.,Epithemiaceae,.,.,Epithemia,.,argus,.,.,PHYT,,*,
P5729,,Chrysophyta,Bacillariophyceae,Epithemiales,.,Epithemiaceae,.,.,Epithemia,.,sp.,.,.,PHYT,,*,
P5730,,Chrysophyta,Bacillariophyceae,Eunotiales,.,Eunotiaceae,.,.,Eunotia,.,flexuosa,.,.,PHYT,,*,
P5732,,Chrysophyta,Bacillariophyceae,Eunotiales,.,Eunotiaceae,.,.,Eunotia,.,robusta,.,.,PHYT,,*,
P5733,,Chrysophyta,Bacillariophyceae,Eunotiales,.,Eunotiaceae,.,.,Eunotia,.,pectinalis,.,.,PHYT,,*,
P5734,,Chrysophyta,Bacillariophyceae,Eunotiales,.,Eunotiaceae,.,.,Eunotia,.,lunaris,.,.,PHYT,,*,
P5735,,Chrysophyta,Bacillariophyceae,Naviculales,.,Naviculaceae,.,.,Frustrulia,.,vulgaris,.,.,PHYT,,*,
P5736,,Chrysophyta,Bacillariophyceae,Fragilariales,.,Fragilarioideae,.,.,Fragilaria,.,acidobiontia,.,.,PHYT,,*,
P5737,,Chrysophyta,Bacillariophyceae,Eunotiales,.,Eunotiaceae,.,.,Eunotia,.,meisteri,.,.,PHYT,,*,
P5740,,Chrysophyta,Bacillariophyceae,Naviculales,.,Naviculaceae,.,.,Navicula,.,granulata,.,.,PHYT,,*,
P5741,,Chrysophyta,Bacillariophyceae,Naviculales,.,Gomphonemaceae,.,.,Gomphonema,.,acuminatum,.,.,PHYT,,*,
P5742,,Chrysophyta,Bacillariophyceae,Naviculales,.,Gomphonemaceae,.,.,Gomphonema,.,acuminatum,.,.,PHYT,coronata,*,
P5743,,Chrysophyta,Bacillariophyceae,Centrales,.,Melosiroideae,.,.,Aulacoseira,.,ambigua,.,.,PHYT,,*,
P5750,,Chrysophyta,Bacillariophyceae,Naviculales,.,Naviculaceae,.,.,Navicula,.,subtilissima,.,.,PHYT,,*,
P5751,,Chrysophyta,Bacillariophyceae,Naviculales,.,Naviculaceae,.,.,Navicula,.,incerta,.,.,PHYT,,*,
P5752,,Chrysophyta,Bacillariophyceae,Naviculales,.,Naviculaceae,.,.,Navicula,.,pupula,.,.,PHYT,,*,
P5753,,Chrysophyta,Bacillariophyceae,Naviculales,.,Naviculaceae,.,.,Navicula,.,sp.,.,.,PHYT,,*,
P5754,,Chrysophyta,Bacillariophyceae,Naviculales,.,Naviculaceae,.,.,Navicula,.,cryptocephala,.,.,PHYT,,*,
P5755,,Chrysophyta,Bacillariophyceae,Naviculales,.,Gomphonemaceae,.,.,Gomphonema,.,truncatum,.,.,PHYT,,*,
P5756,,Chrysophyta,Bacillariophyceae,Nitzschiales,.,Nitzschioideae,.,.,Nitzschia,.,thermalis,.,.,PHYT,,*,
P5767,,Chrysophyta,Bacillariophyceae,Nitzschiales,.,Nitzschioideae,.,.,Nitzschia,.,fonticola,.,.,PHYT,,*,
P5768,,Chrysophyta,Bacillariophyceae,Nitzschiales,.,Nitzschioideae,.,.,Nitzschia,.,linearis,.,.,PHYT,,*,
P5769,,Chrysophyta,Bacillariophyceae,Nitzschiales,.,Nitzschioideae,.,.,Nitzschia,.,sigmoidea,.,.,PHYT,,*,
P5770,,Chrysophyta,Bacillariophyceae,Nitzschiales,.,Nitzschioideae,.,.,Nitzschia,.,sublinearis,.,.,PHYT,,*,
P5771,,Chrysophyta,Bacillariophyceae,Nitzschiales,.,Nitzschioideae,.,.,Nitzschia,.,angustata,.,.,PHYT,,*,
P5772,,Chrysophyta,Bacillariophyceae,Nitzschiales,.,Nitzschioideae,.,.,Nitzschia,.,gracilis,.,.,PHYT,,*,
P5773,,Chrysophyta,Bacillariophyceae,Naviculales,.,Naviculaceae,.,.,Neidium,.,sp.,.,.,PHYT,,*,
P5774,,Chrysophyta,Bacillariophyceae,Naviculales,.,Naviculaceae,.,.,Pinnularia,.,mesolepta,.,.,PHYT,,*,
P5775,,Chrysophyta,Bacillariophyceae,Naviculales,.,Naviculaceae,.,.,Pinnularia,.,interrupta,.,.,PHYT,,*,
P5776,,Chrysophyta,Bacillariophyceae,Epithemiales,.,Rhopalodioideae,.,.,Rhopalodia,.,gibba,.,.,PHYT,,*,
P5778,,Chrysophyta,Bacillariophyceae,Naviculales,.,Naviculaceae,.,.,Stauroneis,.,anceps,.,.,PHYT,,*,
P5779,,Chrysophyta,Bacillariophyceae,Naviculales,.,Naviculaceae,.,.,Brachysira,.,brebissonii,.,.,PHYT,,*,
P5780,,Chrysophyta,Bacillariophyceae,Naviculales,.,Naviculaceae,.,.,Brachysira,.,brebissonii,.,.,PHYT,thermalis,*,
P5781,,Chrysophyta,Bacillariophyceae,Eunotiales,.,Eunotiaceae,.,.,Eunotia,.,sp.,.,.,PHYT,,*,
P5782,,Chrysophyta,Bacillariophyceae,Eunotiales,.,Eunotiaceae,.,.,Actinella,.,punctata,.,.,PHYT,,*,
P5783,,Chrysophyta,Bacillariophyceae,Naviculales,.,Naviculaceae,.,.,Anomoeonies,.,brachysira,.,.,PHYT,,*,
P5784,,Chrysophyta,Bacillariophyceae,Achnanthales,.,Achnanthaceae,.,.,Rhoicosphenia,.,curvata,.,.,PHYT,,*,
P5789,,Chrysophyta,Bacillariophyceae,Fragilariales,.,Fragilarioideae,.,.,Semiorbis,.,sp.,.,.,PHYT,,*,
P5790,,Chrysophyta,Bacillariophyceae,Surirellales,.,Surirellaceae,.,.,Surirella,.,sp.,.,.,PHYT,,*,
P5791,,Chrysophyta,Bacillariophyceae,Surirellales,.,Surirellaceae,.,.,Surirella,.,delicatissima,.,.,PHYT,,*,
P5792,,Chrysophyta,Bacillariophyceae,Naviculales,.,Naviculaceae,.,.,Neidium,.,iridis,.,.,PHYT,,*,
P5793,,Chrysophyta,Bacillariophyceae,Naviculales,.,Naviculaceae,.,.,Pinnularia,.,viridis,.,.,PHYT,,*,
P5794,,Chrysophyta,Bacillariophyceae,Naviculales,.,Naviculaceae,.,.,Pinnularia,.,flexuosa,.,.,PHYT,,*,
P5795,,Chrysophyta,Bacillariophyceae,Fragilariales,.,Fragilarioideae,.,.,Fragilaria,.,construens,.,.,PHYT,venter,*,
P5796,,Chrysophyta,Bacillariophyceae,Fragilariales,.,Fragilarioideae,.,.,Fragilaria,.,virescens,.,.,PHYT,,*,
P5797,,Chrysophyta,Bacillariophyceae,Naviculales,.,Naviculaceae,.,.,Pinnularia,.,capitata,.,.,PHYT,,*,
P5798,,Chrysophyta,Bacillariophyceae,Naviculales,.,Naviculaceae,.,.,Pinnularia,.,subcapitata,.,.,PHYT,,*,
P5805,,Chrysophyta,Bacillariophyceae,Achnanthales,.,Achnanthaceae,.,.,Cocconies,.,sp.,.,.,PHYT,,*,
P5810,,Chrysophyta,Bacillariophyceae,Naviculales,.,Naviculaceae,.,.,Rhopalodia,.,sp.,.,.,PHYT,,*,
P5811,,Chrysophyta,Bacillariophyceae,Naviculales,.,Naviculaceae,.,.,Pinnularia,.,maior,.,.,PHYT,,*,
P5812,,Chrysophyta,Bacillariophyceae,Naviculales,.,Naviculaceae,.,.,Brachysira,.,exilis,.,.,PHYT,,*,
P5813,,Chrysophyta,Bacillariophyceae,Naviculales,.,Naviculaceae,.,.,Brachysira,.,follis,.,.,PHYT,,*,
P5815,,Chrysophyta,Bacillariophyceae,Naviculales,.,Cymbellaceae,.,.,Cymbella,.,amphicephala,.,.,PHYT,,*,
P5816,,Chrysophyta,Bacillariophyceae,Naviculales,.,Naviculaceae,.,.,Stauroneis,.,parvula,.,.,PHYT,,*,
P5817,,Chrysophyta,Bacillariophyceae,Naviculales,.,Naviculaceae,.,.,Pinnularia,.,abaujensis,.,.,PHYT,,*,
P5818,,Chrysophyta,Bacillariophyceae,Naviculales,.,Naviculaceae,.,.,Stauroneis,.,smithii,.,.,PHYT,,*,
P5819,,Chrysophyta,Bacillariophyceae,Nitzschiales,.,Nitzschioideae,.,.,Nitzschia,.,hantzschschiana,.,.,PHYT,,*,
P5820,,Chrysophyta,Bacillariophyceae,Eunotiales,.,Eunotiaceae,.,.,Eunotia,.,arcus,.,.,PHYT,,*,
P5821,,Chrysophyta,Bacillariophyceae,Eunotiales,.,Eunotiaceae,.,.,Eunotia,.,exigua,.,.,PHYT,,*,
P5822,,Chrysophyta,Bacillariophyceae,Fragilariales,.,Tabellarioideae,.,.,Tabellaria,.,binalis,.,.,PHYT,,*,
P5825,,Chrysophyta,Bacillariophyceae,Fragilariales,.,Fragilarioideae,.,.,Fragilaria,.,pinata,.,.,PHYT,,*,
P5826,,Chrysophyta,Bacillariophyceae,Naviculales,.,Cymbellaceae,.,.,Cymbella,.,gracilis,.,.,PHYT,,*,
P5827,,Chrysophyta,Bacillariophyceae,Naviculales,.,Cymbellaceae,.,.,Cymbella,.,ventricosa,.,.,PHYT,,*,
P5828,,Chrysophyta,Bacillariophyceae,Naviculales,.,Cymbellaceae,.,.,Cymbella,.,hebridica,.,.,PHYT,,*,
P5829,,Chrysophyta,Bacillariophyceae,Naviculales,.,Cymbellaceae,.,.,Encyonema,.,gracilis,.,.,PHYT,,*,
P5830,,Chrysophyta,Bacillariophyceae,Naviculales,.,Cymbellaceae,.,.,Encyonema,.,hebridica,.,.,PHYT,,*,
P5831,,Chrysophyta,Bacillariophyceae,Naviculales,.,Cymbellaceae,.,.,Encyonema,.,sp.,.,.,PHYT,,*,
P5833,,Chrysophyta,Bacillariophyceae,Naviculales,.,Naviculaceae,.,.,Pinnularia,.,biceps,.,.,PHYT,,*,
P5834,,Chrysophyta,Bacillariophyceae,Naviculales,.,Cymbellaceae,.,.,Cymbella,.,microcephala,.,.,PHYT,,*,
P5835,,Chrysophyta,Bacillariophyceae,Naviculales,.,Cymbellaceae,.,.,Cymbella,.,pusilla,.,.,PHYT,,*,
P5836,,Chrysophyta,Bacillariophyceae,Naviculales,.,Cymbellaceae,.,.,Cymbella,.,silesiaca,.,.,PHYT,,*,
P5839,,Chrysophyta,Bacillariophyceae,Surirellales,.,Surirellaceae,.,.,Surirella,.,linearis,.,.,PHYT,constricta,*,
P5840,,Chrysophyta,Bacillariophyceae,Surirellales,.,Surirellaceae,.,.,Surirella,.,gracilis,.,.,PHYT,,*,
P5841,,Chrysophyta,Bacillariophyceae,Surirellales,.,Surirellaceae,.,.,Surirella,.,didyma,.,.,PHYT,,*,
P5853,,Chrysophyta,Bacillariophyceae,Naviculales,.,Naviculaceae,.,.,Navicula,.,heimansii,.,.,PHYT,,*,
P5854,,Chrysophyta,Bacillariophyceae,Naviculales,.,Naviculaceae,.,.,Pinnularia,.,borealis,.,.,PHYT,,*,
P5855,,Chrysophyta,Bacillariophyceae,Eunotiales,.,Eunotiaceae,.,.,Eunotia,.,tenella,.,.,PHYT,,*,
P5856,,Chrysophyta,Bacillariophyceae,Naviculales,.,Cymbellaceae,.,.,Amphora,.,ovalis,.,.,PHYT,,*,
P5857,,Chrysophyta,Bacillariophyceae,Nitzschiales,.,Nitzschioideae,.,.,Nitzschia,.,filiformis,.,.,PHYT,,*,
P5858,,Chrysophyta,Bacillariophyceae,Naviculales,.,Cymbellaceae,.,.,Cymbella,.,parva,.,.,PHYT,,*,
P5859,,Chrysophyta,Bacillariophyceae,Naviculales,.,Naviculaceae,.,.,Neidium,.,affine,.,.,PHYT,,*,
P5860,,Chrysophyta,Bacillariophyceae,Fragilariales,.,Tabellarioideae,.,.,Diatoma,.,vulgare,.,.,PHYT,,*,
P5861,,Chrysophyta,Bacillariophyceae,Naviculales,.,Naviculaceae,.,.,Pinnularia,.,gibba,.,.,PHYT,,*,
P5862,,Chrysophyta,Bacillariophyceae,Naviculales,.,Gomphonemaceae,.,.,Gomphonema,.,olivaceum,.,.,PHYT,,*,
P5863,,Chrysophyta,Bacillariophyceae,Fragilariales,.,Tabellarioideae,.,.,Diatoma,.,sp.,.,.,PHYT,,*,
P5864,,Chrysophyta,Bacillariophyceae,Naviculales,.,Naviculaceae,.,.,Neidium,.,gracile,.,.,PHYT,,*,
P5865,,Chrysophyta,Bacillariophyceae,Naviculales,.,Cymbellaceae,.,.,Cymbella,.,prostata,.,.,PHYT,,*,
P5866,,Chrysophyta,Bacillariophyceae,Surirellales,.,Surirellaceae,.,.,Surirella,.,ovata,.,.,PHYT,,*,
P5867,,Chrysophyta,Bacillariophyceae,Naviculales,.,Naviculaceae,.,.,Navicula,.,ventralis,.,.,PHYT,,*,
P5868,,Chrysophyta,Bacillariophyceae,Naviculales,.,Naviculaceae,.,.,Navicula,.,longirostris,.,.,PHYT,,*,
P5869,,Chrysophyta,Bacillariophyceae,Naviculales,.,Cymbellaceae,.,.,Cymbella,.,turgida,.,.,PHYT,,*,
P5870,,Chrysophyta,Bacillariophyceae,Naviculales,.,Naviculaceae,.,.,Navicula,.,bacillum,.,.,PHYT,,*,
P5871,,Chrysophyta,Bacillariophyceae,Naviculales,.,Naviculaceae,.,.,Cymbella,.,lapponica,.,.,PHYT,,*,
P5872,,Chrysophyta,Bacillariophyceae,Naviculales,.,Naviculaceae,.,.,Neidium,.,sp. a,.,.,PHYT,,*,
P5873,,Chrysophyta,Bacillariophyceae,Naviculales,.,Gomphonemaceae,.,.,Gomphonema,.,minutum,.,.,PHYT,,*,
P5874,,Chrysophyta,Bacillariophyceae,Nitzschiales,.,Nitzschioideae,.,.,Nitzschia,.,palea,.,.,PHYT,,*,
P5880,,Chrysophyta,Bacillariophyceae,Naviculales,.,Cymbellaceae,.,.,Didymosphenia,.,geminata,.,.,PHYT,,*,
P5881,,Chrysophyta,Bacillariophyceae,Fragilariales,.,Tabellarioideae,.,.,Diatoma,.,elongatum,.,.,PHYT,,*,
P5882,,Chrysophyta,Bacillariophyceae,Naviculales,.,Naviculaceae,.,.,Anomoeonies,.,vitrea,.,.,PHYT,,*,
P5883,,Chrysophyta,Bacillariophyceae,Naviculales,.,Cymbellaceae,.,.,Cymbella,.,cymbiformis,.,.,PHYT,,*,
P5884,,Chrysophyta,Bacillariophyceae,Naviculales,.,Gomphonemaceae,.,.,Gomphonema,.,angustum,.,.,PHYT,,*,
P5885,,Chrysophyta,Bacillariophyceae,Naviculales,.,Naviculaceae,.,.,Navicula,.,bacillum,.,.,PHYT,,*,
P5886,,Chrysophyta,Bacillariophyceae,Naviculales,.,Naviculaceae,.,.,Stauroneis,.,anceps,.,.,PHYT,GRACILIS,*,
P5887,,Chrysophyta,Bacillariophyceae,Naviculales,.,Naviculaceae,.,.,Navicula,.,pupula,.,.,PHYT,,*,
P5901,,Chrysophyta,Bacillariophyceae,Epithemiales,.,Epithemiaceae,.,.,Denticula,.,sp.,.,.,PHYT,,*,
P5902,,Chrysophyta,Bacillariophyceae,Epithemiales,.,Epithemiaceae,.,.,Denticula,.,elegans,.,.,PHYT,,*,
P5903,,Chrysophyta,Bacillariophyceae,Rhizosoleniales,.,Biddulphiaceae,.,.,Biddulphia,.,aurita,.,.,PHYT,,*,
P5904,,Chrysophyta,Bacillariophyceae,Fragilariales,.,Fragilarioideae,.,.,Asterionella,.,kariana,.,.,PHYT,,*,
P5905,,Chrysophyta,Bacillariophyceae,Nitzschiales,.,Nitzschioideae,.,.,Nitzschia,.,seriata,.,.,PHYT,,*,
P5906,,Chrysophyta,Bacillariophyceae,Rhizosoleniales,.,Chaetoceraceae,.,.,Thalassionema,.,nitzschioides,.,.,PHYT,,*,
P5912,,Chrysophyta,Bacillariophyceae,Centrales,.,Coscinodiscoideae,.,.,Coscinodiscus,.,sp.,.,.,PHYT,,*,
P5914,,Chrysophyta,Bacillariophyceae,Fragilariales,.,Fragilarioideae,.,.,Fragilaria,.,islandica,.,.,PHYT,,*,
P5915,,Chrysophyta,Bacillariophyceae,Nitzschiales,.,Nitzschioideae,.,.,Nitzschia,.,closterium,.,.,PHYT,,*,
P5916,,Chrysophyta,Bacillariophyceae,Fragilariales,.,Fragilarioideae,.,.,Fragilaria,.,capucina,.,.,PHYT,,*,
P5926,,Chrysophyta,Bacillariophyceae,Centrales,.,Melosiroideae,.,.,Aulacoseira,.,granulata,.,.,PHYT,ANGUSTIS,*,
P5928,,Chrysophyta,Bacillariophyceae,Centrales,.,Melosiroideae,.,.,Aulacoseira,.,binderana,.,.,PHYT,,*,
P5950,,Chrysophyta,Bacillariophyceae,Centrales,.,Sceletonemoideae,.,.,Thalassiosira,.,sp.,.,.,PHYT,,*,
P5951,,Chrysophyta,Bacillariophyceae,Centrales,.,Melosiroideae,.,.,Melosira,.,nummuloides,.,.,PHYT,,*,
P5952,,Chrysophyta,Bacillariophyceae,Centrales,.,Sceletonemoideae,.,.,Thalassiosira,.,rotula,.,.,PHYT,,*,
P5953,,Chrysophyta,Bacillariophyceae,Centrales,.,Coscinodiscoideae,.,.,Coscinodiscus,.,sp. a,.,.,PHYT,,*,
P5954,,Chrysophyta,Bacillariophyceae,Centrales,.,Coscinodiscoideae,.,.,Coscinodiscus,.,eccentrius,.,.,PHYT,,*,
P5956,,Chrysophyta,Bacillariophyceae,Centrales,.,Melosiroideae,.,.,Corethron,.,hystrix,.,.,PHYT,,*,
P5958,,Chrysophyta,Bacillariophyceae,Naviculales,.,Naviculaceae,.,.,Amphipleura,.,alata,.,.,PHYT,,*,
P5960,,Chrysophyta,Bacillariophyceae,Naviculales,.,Naviculaceae,.,.,Amphipleura,.,kjellmanii,.,.,PHYT,,*,
P5964,,Chrysophyta,Bacillariophyceae,Naviculales,.,Naviculaceae,.,.,Navicula,.,punctulata,.,.,PHYT,,*,
P5966,,Chrysophyta,Bacillariophyceae,Rhizosoleniales,.,Chaetoceraceae,.,.,Chaetoceros,.,gracilis,.,.,PHYT,,*,
P5967,,Chrysophyta,Bacillariophyceae,Rhizosoleniales,.,Chaetoceraceae,.,.,Chaetoceros,.,diadema,.,.,PHYT,,*,
P5969,,Chrysophyta,Bacillariophyceae,Rhizosoleniales,.,Rhizosoleneae,.,.,Rhizosolenia,.,setigera,.,.,PHYT,,*,
P5974,,Chrysophyta,Bacillariophyceae,Nitzschiales,.,Nitzschioideae,.,.,Nitzschia,.,longissima,.,.,PHYT,,*,
P5975,,Chrysophyta,Bacillariophyceae,Nitzschiales,.,Nitzschioideae,.,.,Nitzschia,.,frigida,.,.,PHYT,,*,
P5976,,Chrysophyta,Bacillariophyceae,Nitzschiales,.,Nitzschioideae,.,.,Nitzschia,.,recta,.,.,PHYT,,*,
P5977,,Chrysophyta,Bacillariophyceae,Nitzschiales,.,Nitzschioideae,.,.,Nitzschia,.,hybrida,.,.,PHYT,,*,
P5980,,Chrysophyta,Bacillariophyceae,Fragilariales,.,Fragilarioideae,.,.,Fragilaria,.,islandica,.,.,PHYT,,*,
P5982,,Chrysophyta,Bacillariophyceae,Fragilariales,.,Fragilarioideae,.,.,Raphoneis,.,surirella,.,.,PHYT,,*,
P5984,,Chrysophyta,Bacillariophyceae,Naviculales,.,Naviculaceae,.,.,Stauroneis,.,membranacea,.,.,PHYT,,*,
P5986,,Chrysophyta,Bacillariophyceae,Fragilariales,.,Tabellarioideae,.,.,Meridion,.,circulare,.,.,PHYT,,*,
P5987,,Chrysophyta,Bacillariophyceae,Nitzschiales,.,Nitzschioideae,.,.,Nitzschia,.,vitrea,.,.,PHYT,,*,
P5999,,Chrysophyta,Bacillariophyceae,Naviculales,.,Naviculaceae,.,.,Gyrosigma,.,sp. a,.,.,PHYT,,*,
P6548,,Pyrrhophyta,Cryptophyceae,Cryptomonadales,.,Monomastigaceae,.,.,Monomastix,.,sp.,.,.,PHYT,,*,
P6549,,Pyrrhophyta,Cryptophyceae,Cryptomonadales,.,Cryptomonadaceae,.,.,Rhodomonas,.,lacustris,.,.,PHYT,,*,
P6550,,Pyrrhophyta,Chloromonadophyceae,Chloromonadales,.,Monomastigaceae,.,.,Monomastix,.,opisthostigma,.,.,PHYT,,*,
P6551,,Pyrrhophyta,Chloromonadophyceae,Chloromonadales,.,Chloromonadaceae,.,.,Gonyostomun,.,semens,.,.,PHYT,,*,
P6552,,Pyrrhophyta,Cryptophyceae,Cryptomonadales,.,Cryptomonadaceae,.,.,Rhodomonas,.,minuta,.,.,PHYT,nannoplanctica,*,
P6553,,Pyrrhophyta,Cryptophyceae,Cryptomonadales,.,Cryptomonadaceae,.,.,Rhodomonas,.,tenuis,.,.,PHYT,,*,
P6554,,Pyrrhophyta,Cryptophyceae,Cryptomonadales,.,Cryptomonadaceae,.,.,Rhodomonas,.,minuta,.,.,PHYT,,*,
P6555,,Pyrrhophyta,Cryptophyceae,Cryptomonadales,.,Cryptomonadaceae,.,.,Rhodomonas,.,sp.,.,.,PHYT,,*,
P6556,,Pyrrhophyta,Cryptophyceae,Cryptomonadales,.,Cryptomonadaceae,.,.,Chroomonas,.,sp.,.,.,PHYT,,*,
P6557,,Pyrrhophyta,Cryptophyceae,Cryptomonadales,.,Cryptomonadaceae,.,.,Cryptomonas,.,pusilla,.,.,PHYT,,*,
P6558,,Pyrrhophyta,Cryptophyceae,Cryptomonadales,.,Cryptomonadaceae,.,.,Cryptomonas,.,erosa,.,.,PHYT,,*,
P6559,,Pyrrhophyta,Cryptophyceae,Cryptomonadales,.,Cryptomonadaceae,.,.,Cryptomonas,.,ovata,.,.,PHYT,,*,
P6560,,Pyrrhophyta,Cryptophyceae,Cryptomonadales,.,Cryptomonadaceae,.,.,Cryptomonas,.,tenuis,.,.,PHYT,,*,
P6561,,Pyrrhophyta,Cryptophyceae,Cryptomonadales,.,Cryptomonadaceae,.,.,Cryptomonas,.,obovata,.,.,PHYT,,*,
P6562,,Pyrrhophyta,Cryptophyceae,Cryptomonadales,.,Cryptomonadaceae,.,.,Cryptomonas,.,reflexa,.,.,PHYT,,*,
P6563,,Pyrrhophyta,Cryptophyceae,Cryptomonadales,.,Cryptomonadaceae,.,.,Cryptomonas,.,gracilis,.,.,PHYT,,*,
P6564,,Pyrrhophyta,Cryptophyceae,Cryptomonadales,.,Cryptomonadaceae,.,.,Cryptomonas,.,marssonii,.,.,PHYT,,*,
P6565,,Pyrrhophyta,Cryptophyceae,Cryptomonadales,.,Cryptomonadaceae,.,.,Cryptomonas,.,rostratiformis,.,.,PHYT,,*,
P6566,,Pyrrhophyta,Cryptophyceae,Cryptomonadales,.,Cryptomonadaceae,.,.,Cryptomonas,.,sp.,.,.,PHYT,,*,
P6567,,Pyrrhophyta,Cryptophyceae,Cryptomonadales,.,Cryptomonadaceae,.,.,Chilomonas,.,sp.,.,.,PHYT,,*,
P6568,,Pyrrhophyta,Cryptophyceae,Cryptomonadales,.,Katablepharidaceae,.,.,Katablepharis,.,ovalis,.,.,PHYT,,*,
P6569,,Pyrrhophyta,Cryptophyceae,Cryptomonadales,.,Senniaceae,.,.,Sennia,.,parvula,.,.,PHYT,,*,
P6570,,Pyrrhophyta,Cryptophyceae,Cryptomonadales,.,Katablepharidaceae,.,.,Cryptaulax,.,sp.,.,.,PHYT,,*,
P6571,,Pyrrhophyta,Cryptophyceae,Cryptomonadales,.,Cryptomonadaceae,.,.,Chroomonas,.,acuta,.,.,PHYT,,*,
P7625,Skuja,Pyrrhophyta,Dinophyceae,Gymnodiniales,.,Gymnodinaceae,.,.,Gymnodinium,.,ordinatum,.,.,PHYT,,*,
P7626,,Pyrrhophyta,Dinophyceae,Gymnodiniales,.,Gymnodinaceae,.,.,Amphidinium,.,sp.,.,.,PHYT,,*,
P7627,,Pyrrhophyta,Dinophyceae,Gymnodiniales,.,Gymnodinaceae,.,.,Gymnodinium,.,fuscum,.,.,PHYT,,*,
P7628,,Pyrrhophyta,Dinophyceae,Gymnodiniales,.,Gymnodinaceae,.,.,Gymnodinium,.,mirabile,.,.,PHYT,,*,
P7629,,Pyrrhophyta,Dinophyceae,Gymnodiniales,.,Gymnodinaceae,.,.,Gymnodinium,.,palustre,.,.,PHYT,,*,
P7630,,Pyrrhophyta,Dinophyceae,Gymnodiniales,.,Gymnodinaceae,.,.,Gymnodinium,.,lacustre,.,.,PHYT,,*,
P7631,,Pyrrhophyta,Dinophyceae,Gymnodiniales,.,Gymnodinaceae,.,.,Gymnodinium,.,helveticum,.,.,PHYT,,*,
P7632,,Pyrrhophyta,Dinophyceae,Gymnodiniales,.,Gymnodinaceae,.,.,Gymnodinium,.,sp.,.,.,PHYT,,*,
P7633,,Pyrrhophyta,Dinophyceae,Peridiniales,.,Glenodiniaceae,.,.,Glenodinium,.,spp.,.,.,PHYT,,*,
P7634,,Pyrrhophyta,Dinophyceae,Peridiniales,.,Peridiniaceae,.,.,Peridinium,.,cinctum,.,.,PHYT,,*,
P7635,,Pyrrhophyta,Dinophyceae,Peridiniales,.,Peridiniaceae,.,.,Peridinium,.,willei,.,.,PHYT,,*,
P7636,,Pyrrhophyta,Dinophyceae,Peridiniales,.,Peridiniaceae,.,.,Peridinium,.,palustre,.,.,PHYT,,*,
P7637,,Pyrrhophyta,Dinophyceae,Peridiniales,.,Peridiniaceae,.,.,Peridinium,.,limbatum,.,.,PHYT,,*,
P7638,,Pyrrhophyta,Dinophyceae,Peridiniales,.,Peridiniaceae,.,.,Peridinium,.,inconspicuum,.,.,PHYT,,*,
P7639,,Pyrrhophyta,Dinophyceae,Peridiniales,.,Peridiniaceae,.,.,Peridinium,.,pusillum,.,.,PHYT,,*,
P7640,,Pyrrhophyta,Dinophyceae,Peridiniales,.,Peridiniaceae,.,.,Peridinium,.,goslaviense,.,.,PHYT,,*,
P7641,,Pyrrhophyta,Dinophyceae,Peridiniales,.,Peridiniaceae,.,.,Peridinium,.,aciculiferum,.,.,PHYT,,*,
P7642,,Pyrrhophyta,Dinophyceae,Peridiniales,.,Peridiniaceae,.,.,Peridinium,.,wisconsiense,.,.,PHYT,,*,
P7643,,Pyrrhophyta,Dinophyceae,Peridiniales,.,Peridiniaceae,.,.,Peridinium,.,sp.,.,.,PHYT,,*,
P7644,,Pyrrhophyta,Dinophyceae,Peridiniales,.,Ceratiaceae,.,.,Ceratium,.,hirundenella,.,.,PHYT,,*,
P7645,,Pyrrhophyta,Dinophyceae,Peridiniales,.,Ceratiaceae,.,.,Ceratium,.,cornutum,.,.,PHYT,,*,
P7646,,Pyrrhophyta,Dinophyceae,Gymnodiniales,.,Gymnodinaceae,.,.,Gymnodinium,.,varians,.,.,PHYT,,*,
P7647,,Pyrrhophyta,Dinophyceae,Peridiniales,.,Peridiniaceae,.,.,Peridinium,.,pellucidum,.,.,PHYT,,*,
P7649,,Pyrrhophyta,Dinophyceae,Peridiniales,.,Ceratiaceae,.,.,Ceratium,.,bucephalum,.,.,PHYT,,*,
P7650,,Pyrrhophyta,Dinophyceae,Peridiniales,.,Ceratiaceae,.,.,Ceratium,.,longirostrum,.,.,PHYT,,*,
P7653,,Pyrrhophyta,Dinophyceae,Peridiniales,.,Peridiniaceae,.,.,Peridinium,.,umbonatum,.,.,PHYT,,*,
P7654,,Pyrrhophyta,Dinophyceae,Gymnodiniales,.,Gymnodinaceae,.,.,Gymnodinium,.,inversum,.,.,PHYT,,*,
P7777,,Pyrrhophyta,Dinophyceae,Peridiniales,.,Peridiniaceae,.,.,Dinoflagellate,.,cysts,.,.,PHYT,,*,
P7907,,Pyrrhophyta,Dinophyceae,Gymnodiniales,.,Gymnodinaceae,.,.,Gymnodinium,.,splendens,.,.,PHYT,,*,
P7909,,Pyrrhophyta,Dinophyceae,Gymnodiniales,.,Gymnodinaceae,.,.,Amphidinium,.,sphenoides,.,.,PHYT,,*,
P7913,,Pyrrhophyta,Dinophyceae,Gymnodiniales,.,Gymnodinaceae,.,.,Gyrodinium,.,sp.,.,.,PHYT,,*,
